course_code	course_name	course_name_cn
ACCT2003	PRINCIPLES OF ACCOUNTING I	会计学原理一
ACCT2013	PRINCIPLES OF ACCOUNTING II	会计学原理二
ACCT2033	INTRODUCTION TO FINANCIAL	财务学原理
ACCT2043	PRINCIPLES OF ACCOUNTING I	会计学原理一
ACCT2053	PRINCIPLES OF ACCOUNTING II	会计学原理二
ACCT2063	FUNDAMENTAL ACCOUNTING PRINCIPLES	会计学基本原理
ACCT3003	COST AND MANAGEMENT ACCOUNTING I	成本与管理会计一
ACCT3013	COST AND MANAGEMENT ACCOUNTING II	成本与管理会计二
ACCT3023	HONG KONG TAXATION	香港税务
ACCT3033	INTERMEDIATE ACCOUNTING I	中级会计一
ACCT3043	INTERMEDIATE ACCOUNTING II	中级会计二
ACCT3053	CORPORATE GOVERNANCE AND ACCOUNTING	公司治理与会计
ACCT3063	TAX PLANNING AND MANAGEMENT	税务筹划与管理
ACCT3073	COST AND MANAGEMENT ACCOUNTING	成本与管理会计
ACCT3083	CHINESE TAXATION LAW	中国税法
ACCT3093	CHINESE ECONOMIC LAW	中国经济法
ACCT4003	AUDITING I	审计一
ACCT4013	AUDITING II	审计二
ACCT4023	FINANCIAL ACCOUNTING THEORY	财务会计理论
ACCT4033	ACCOUNTING INFORMATION SYSTEMS	会计信息系统
ACCT4043	ADVANCED ACCOUNTING I	高级会计一
ACCT4053	ADVANCED ACCOUNTING II	高级会计二
ACCT4063	ACCOUNTING INTERNSHIP	会计实习
ACCT4073	ACCOUNTING INFORMATION SYSTEMS	会计信息系统
AI1003	PYTHON PROGRAMMING	Python编程
AI1013	OBJECT-ORIENTED PROGRAMMING	面向对象编程
AI1023	DATABASE MANAGEMENT SYSTEMS	数据库管理系统
AI1033	INTRODUCTION TO COMPUTER SYSTEMS	计算机系统导论
AI2003	DATA STRUCTURES AND ALGORITHM ANALYSIS	数据结构与算法分析
AI2013	INTRODUCTION TO ARTIFICIAL INTELLIGENCE	人工智能导论
AI2023	ARTIFICIAL INTELLIGENCE WORKSHOP	人工智能工作坊
AI2033	PROBABILITY AND STATISTICS	概率论与数理统计
AI2043	OPERATING SYSTEMS	操作系统
AI2053	INTRODUCTION TO COGNITIVE SCIENCE	认知科学导论
AI2063	GAME THEORY	博弈论
AI2073	PERCEPTION	感知
AI3003	NEURAL NETWORKS AND DEEP LEARNING	神经网络与深度学习
AI3013	MACHINE LEARNING	机器学习
AI3023	MACHINE LEARNING WORKSHOP	机器学习工作坊
AI3033	INTRODUCTION TO ROBOTICS	机器人学导论
AI3043	BAYESIAN NETWORKS	贝叶斯网络
AI3053	INTELLIGENT AGENT TECHNOLOGY	智能代理技术
AI3063	NEUROSCIENCE IN ARTIFICIAL INTELLIGENCE	人工智能中的神经科学
AI3073	INTRODUCTION TO BIOINFORMATICS	生物信息学导论
AI3083	ARTIFICIAL INTELLIGENCE PROJECT	人工智能项目
AI3093	DECISION THEORY	决策论
AI3103	REGRESSION ANALYSIS	回归分析
AI3113	SPEECH PROCESSING AND RECOGNITION	语音处理与识别
AI3123	DIGITAL IMAGE PROCESSING	数字图像处理
AI3133	NATURAL LANGUAGE PROCESSING	自然语言处理
AI3143	COMPUTER VISION	计算机视觉
AI3153	HUMAN-COMPUTER INTERACTION	人机交互
AI4003	OPTIMIZATION FOR MACHINE LEARNING	机器学习优化
AI4004	FINAL YEAR PROJECT I (AI)	毕业设计一（AI）
AI4005	FINAL YEAR PROJECT II (AI)	毕业设计二（AI）
AI4013	KNOWLEDGE GRAPH ENGINEERING	知识图谱工程
AI4023	DEEP REINFORCEMENT LEARNING	深度强化学习
AI4033	LARGE-SCALE DISTRIBUTED MULTI-AGENT SYSTEMS	大规模分布式多智能体系统
AI4043	ARTIFICIAL INTELLIGENCE INTERNSHIP	人工智能实习
AI4053	FINTECH	金融科技
AI4063	PATTERN RECOGNITION	模式识别
AI4083	MULTIMEDIA MINING AND ANALYTICS	多媒体挖掘与分析
AI4093	DESIGN AND IMPLEMENTATION OF INTELLIGENT VISION SYSTEM	智能视觉系统的设计与实现
AIM2003	FUNDAMENTALS OF COMPUTER GRAPHICS	计算机图形学基础
AIM2013	VISUAL COMMUNICATION	视觉传达
AIM2023	SCRIPTWRITING FOR ANIMATION	动画编剧
AIM2033	FUNDAMENTALS OF DIGITAL ILLUSTRATION	数字插画基础
AIM3003	CHARACTER ANIMATION	角色动画
AIM3013	SCENERY DESIGN	场景设计
AIM3023	INTERACTIVE GRAPHICS	交互式图形
AIM3033	INTERACTIVE MEDIA WORKSHOP	交互媒体工作坊
AIM3043	3D MODELLING	三维建模
AIM3053	MULTIMEDIA STORYTELLING	多媒体故事讲述
AIM3063	3D ANIMATION	三维动画
AIM3073	ANIMATION SOUND DESIGN AND MIXING	动画声音设计与混音
AIM3083	2D COMPUTER ANIMATION	二维计算机动画
AIM3093	DIGITAL CULTURES AND VISUAL THINKING	数字文化与视觉思维
AIM3103	JAPANESE ANIMATION	日本动画
AIM3113	CHARACTER DESIGN AND STORYBOARD MAKING	角色设计与故事板制作
AIM3123	INTERACTIVE VIDEO PRODUCTION	交互式视频制作
AIM3133	HISTORY OF ANIMATION	动画史
AIM3143	SPECIAL TOPICS IN ANIMATION AND INTERACTIVE MEDIA SUBJECTS	动画与互动媒体专题
AIM3153	GAME ART AND ANIMATION	游戏美术与动画
AIM3163	ADVANCED DIGITAL ILLUSTRATION	高级数字插画
AIM3173	MOBILE MEDIA GAME DEVELOPMENT	移动媒体游戏开发
AIM4003	PRODUCTION METHODS	制作方法
AIM4023	INTERACTIVE MEDIA ARTS: ORIGINS TO THE PRESENT	互动媒体艺术：从起源到当代
AIM4033	FINAL YEAR PROJECT I (AIM)	毕业设计一（AIM）
AIM4043	FINAL YEAR PROJECT II (AIM)	毕业设计二（AIM）
AIM4053	ADVANCED INTERACTIVE MEDIA WORKSHOP	高级互动媒体工作坊
AIM4063	STOP-MOTION ANIMATION	定格动画
AIM4073	VIRTUAL AND AUGMENTED REALITY ART	虚拟与增强现实艺术
AIM4083	ANIMATION AND INTERACTIVE MEDIA INTERNSHIP	动画与互动媒体实习
AIM4093	SPECIAL TOPICS IN ANIMATION AND INTERACTIVE MEDIA STUDIES	动画与互动媒体研究专题
AIM4103	STUDIES IN OPERATION AND MANAGEMENT OF ANIMATION INDUSTRY	动画产业运营与管理研究
AIM4113	DIGITAL MEDIA PROJECT MANAGEMENT	数字媒体项目管理
BA1003	DATABASE MANAGEMENT AND APPLICATIONS	数据库管理与应用
BA2003	ARTIFICIAL INTELLIGENCE AND DEEP LEARNING	人工智能与深度学习
BA2013	DATA MINING WITH BIG DATA	大数据数据挖掘
BA2023	OPERATIONS RESEARCH	运筹学研究
BA2033	OPTIMIZATION METHODS	优化方法
BA2043	R LANGUAGE FOR STATISTICS	统计学R语言
BA3013	CUSTOMER BEHAVIOURS AND PSYCHOLOGY	客户行为与心理学
BA3023	DATA ANALYSIS AND FINTECH FUNDAMENTALS	数据分析与金融科技基础
BA3033	DATA ANALYSIS IN NEW MEDIA	新媒体中的数据分析
BA3043	DATA VISUALIZATION	数据可视化
BA3053	ETHICAL ISSUES ON BUSINESS ANALYTICS	商业分析中的伦理问题
BA3063	GLOBAL OPERATIONS MANAGEMENT	全球运营管理
BA3073	MOBILE AND CLOUD COMPUTING	移动与云计算
BA3083	MULTIPLE CRITERIA DECISION MAKING	多准则决策
BA3093	SIMULATION AND RISK ANALYSIS	模拟与风险分析
BA3103	STATISTICAL REASONING FOR BUSINESS DECISIONS	商业决策的统计推理
BA3113	SUPPLY CHAIN MANAGEMENT AND LOGISTICS	供应链管理与物流
BA3123	TEXT MINING IN BUSINESS	商业中的文本挖掘
BA4003	BUSINESS ANALYSIS RESEARCH SEMINAR	商业分析研究研讨会
BA4013	BUSINESS ANALYTICS INTERNSHIP	商业分析实习
BA4023	"DECISION BEHAVIOR, ANALYSIS, AND SUPPORT"	决策行为、分析与支持
BA4033	KNOWLEDGE MANAGEMENT AND DIGITALIZATION	知识管理与数字化
BA4043	SOCIAL MEDIA AND DIGITAL MARKETING	社交媒体与数字营销
BIOL1003	INTRODUCTION TO WORLD ECOLOGICAL PROBLEMS AND MAN	世界生态问题与人类导论
BIOL1013	BIODIVERSITY AND THE EXTINCTION CRISIS	生物多样性与灭绝危机
BIOL1023	DIVERSITY OF LIFE AND LABORATORY	生命多样性和实验室
BIOL2003	GENERAL BIOLOGY	普通生物学
BIOL2013	GENERAL BIOLOGY AND CHEMISTRY LABORATORY	普通生物学与化学实验室
BIOL2023	CONSERVATION ECOLOGY	保护生态学
BIOL2033	FOOD MICROBIOLOGY	食品微生物学
BIOL2043	PRINCIPLES OF BIOLOGY	生物学原理
BIOL2053	PRINCIPLES OF MICROBIOLOGY	微生物学原理
BIOL2063	BIOCHEMISTRY	生物化学
BIOL2073	PHYSIOLOGY	生理学
BIOL2083	THE ECOLOGY AND BIOCONSERVATION IN CHINA	中国的生态学与生物保护
BIOL2093	MICROBIOLOGY	微生物学
BIOL2103	BIOLOGY AND ECOLOGY LABORATORY	生物学与生态学实验室
BIOL3003	ENVIRONMENTAL HEALTH AND TOXICOLOGY	环境健康与毒理学
BIOL3013	INTRODUCTION TO ENVIRONMENTAL BIOTECHNOLOGY	环境生物技术导论
BIOL3023	BIOLOGY AND CHEMISTRY LABORATORY	生物学与化学实验室
BIOL3033	PRACTICAL BIODIVERSITY CONSERVATION	生物多样性保护实践
BIOL3043	MOLECULAR BIOLOGY	分子生物学
BIOL3053	ENVIRONMENTAL BIOTECHNOLOGY AND LABORATORY	环境生物技术与实验室
BIOL4003	BIODIVERSITY CONSERVATION	生物多样性保护
BIOL4023	BIOCHEMISTRY AND BIOTECHNOLOGY LABORATORY	生物化学与生物技术实验室
BUS1013	"BUSINESS, ENTREPRENEURSHIP AND INNOVATION"	商科、创业与创新
BUS2003	ORGANISATIONAL BEHAVIOUR	组织行为学
BUS2013	PRINCIPLES OF LAW	法律原理
BUS2023	MARKETING STRATEGY AND MANAGEMENT	营销战略与管理
BUS2043	PRINCIPLES OF MANAGEMENT	管理原理
BUS2053	PRINCIPLES OF LAW	法律原理
BUS3003	BUSINESS COMMUNICATIONS	商业沟通
BUS3013	COMPANY LAW	公司法
BUS3023	BUSINESS RESEARCH METHODS	商业研究方法
BUS3043	QUALITATIVE RESEARCH METHODS	定性研究方法
BUS4013	STRATEGIC MANAGEMENT	战略管理
BUS4023	MANAGEMENT INFORMATION SYSTEMS	管理信息系统
BUS4033	BUSINESS INTERNSHIP AND HUMAN RESOURCE MANAGEMENT MENTORING	商业实习与人力资源管理指导
BUS4043	CROSS-CULTURAL AND COMPARATIVE MANAGEMENT	跨文化与比较管理
BUS4053	CORPORATE STRATEGY AND MANAGEMENT	公司战略与管理
BUS4063	INTERNATIONAL BUSINESS	国际商务
BUS4073	BBA PROJECT I	BBA项目一
BUS4083	BBA PROJECT II	BBA项目二
BUS4093	MANAGEMENT INFORMATION SYSTEMS	管理信息系统
BUS4103	FINAL YEAR PROJECT (BUSA)	毕业设计（BUSA）
CCGC1003	CHINAS ROLES IN THE GLOBAL SYSTEMS	中国在全球体系中的角色
CCGC1013	INTRODUCTION TO COMMUNICATION THEORIES	传播理论导论
CCGC1023	CHINA IN ESE IN WESTERN CULTURES	西方文化中的中国形象
CCGC1033	CHINESE PHILOSOPHY IN THE GLOBAL CONTEXT	全球背景下的中国哲学
CCGC1043	SOCIAL DEVELOPMENT IN IMPERIAL CHINA	中国古代社会发展
CCGC2003	TOPICS IN CHINESE INTELLECTUAL HISTORY	中国知识分子史专题
CCGC2023	INTRODUCTION TO CHINESE LITERATURE	中国文学导论
CCGC2033	CHINESE PHILOLOGY	汉语语言学
CCGC2043	COMMUNICATIVE ASPECTS OF CLASSICAL CHINESE POETRY	古典诗歌的传播学视角
CCGC2053	SELECTED READINGS OF CLASSICAL CHINESE PROSE	古典散文选读
CCGC2063	TRADITIONAL CHINESE NOVELS IN COMPARATIVE PERSPECTIVES	比较视角下的中国古代小说
CCGC2073	FOLKLORE AND FOLK CULTURE	民俗与民俗文化
CCGC2083	INTRODUCTION TO COMPARATIVE LITERATURE	比较文学导论
CCGC3003	TRADITIONAL CHINESE CIVILIZATION IN THE GLOBAL CONTEXT	全球背景下的中国传统文明
CCGC3013	LANGUAGE AND CROSS-CULTURAL COMMUNICATION	语言与跨文化传播
CCGC3023	HISTORY OF WESTERN SINOLOGY	西方汉学史
CCGC3033	HISTORY OF SINO-FOREIGN CULTURAL EXCHANGE	中外文化交流史
CCGC3043	POPULAR CULTURE AND MASS MEDIA	流行文化与大众媒体
CCGC3053	EAST ASIAN SINOLOGY	东亚汉学
CCGC3063	CHINESE CLASSICS AND THEIR GLOBAL CIRCULATION	中国经典及其全球传播
CCGC3073	SHAKESPEARE DRAMA IN CHINA	中国莎士比亚戏剧
CCGC3083	CHINESE CLASSICS AND CHINESE CULTURE	中国经典与中国文化
CCGC3093	UNDERSTANDING COMMUNICATION IN CHINESE CULTURE	理解中国文化中的传播
CCGC3103	ZEN AND ASIAN CULTURE	禅宗与亚洲文化
CCGC4003	CHINESE LITERATURE AND SOCIETY	中国文学与社会
CCGC4013	EMINENT SINOLOGISTS AND THEIR WORKS	著名汉学家及其作品
CCGC4023	FINAL YEAR PROJECT (CCGC)	毕业设计（CCGC）
CCGC4033	AESTHETICS OF CHINESE CINEMA	中国电影美学
CCGC4043	STUDIES OF CONTEMPORARY CHINESE LINGUISTICS	现代汉语语言学研究
CCGC4053	CHINESE DIASPORA AND TRANSNATIONAL MIGRATION	华人离散与跨国移民
CCGC4063	LINGNAN CULTURE AND THE WORLD	岭南文化与世界
CCGC4073	CHINESE CULTURAL RESOURCES AND CREATIVE INDUSTRIES	中国文化资源与创意产业
CCM2063	PRINCIPLES OF EXHIBITION DESIGN	展览设计原理
CCM2093	"CULTURE, CREATIVITY AND MANAGEMENT"	文化、创意与管理
CCM2113	EVENT PLANNING AND MANAGEMENT	活动策划与管理
CCM2123	PAST TO PRESENT STATE OF ARTS IN CULTURAL INDUSTRIES	文化产业艺术的过去与现在
CCM3023	"CULTURAL POLICY, ECONOMY AND DEVELOPMENT"	文化政策、经济与发展
CCM3033	INTERNATIONAL CULTURAL TRADE	国际文化贸易
CCM3083	"CULTURE, CREATIVITY AND MANAGEMENT IN CHINESE CITIES"	中国城市文化、创意与管理
CCM3093	BASIC STUDIES OF CULTURAL TOURISM IN CHINA	中国文化旅游概论
CCM3103	FOOD AND BEVERAGE MANAGEMENT	餐饮管理
CCM3113	INTRODUCTION TO HOSPITALITY MANAGEMENT	酒店管理导论
CCM3123	CONCEPTS IN SPATIAL DESIGN	空间设计概念
CCM3133	EXHIBITION DESIGN: CREATIVE INTERPRETATION AND MANAGEMENT	展览设计：创意阐释与管理
CCM3143	PUBLIC ARTS AND MUSEUM DESIGN MANAGEMENT IN THE URBAN  ENVIRONMENT	城市环境中的公共艺术与博物馆设计管理
CCM3153	CONSUMER BEHAVIOUR IN CULTURAL INDUSTRIES	文化产业中的消费者行为
CCM3163	PRINCIPLES OF CREATIVE ARTS MANAGEMENT	创意艺术管理原理
CCM3173	CONCEPTS OF CONTEMPORARY ARTS IN CULTURAL INDUSTRIES	文化产业中的当代艺术概念
CCM4023	MANAGEMENT OF MEDIA PRODUCTION	媒体制作管理
CCM4033	CULTURAL INDUSTRIES INTERNSHIP	文化产业实习
CCM4043	FUNDRAISING FOR ARTS AND CULTURE	艺术与文化筹款
CCM4053	CULTURAL HERITAGE AND TOURISM	文化遗产与旅游
CCM4063	COMMERCIAL SPACE PLANNING AND FACILITIES MANAGEMENT	商业空间规划与设施管理
CCM4073	INDUSTRIAL AND RETAIL DESIGN MANAGEMENT	工业与零售设计管理
CCM4083	CUSTOMER RELATIONSHIP MANAGEMENT IN CULTURAL INDUSTRIES	文化产业中的客户关系管理
CCM4093	FINAL YEAR PROJECT (CCM)	毕业设计（CCM）
CCM4103	APPLIED SEMIOTICS FOR THE CULTURAL ENTREPRENEUR AND MANAGER	文化企业家和管理者的应用符号学
CCM4113	HYPER-REALITY AND APPLICATION OF SIMULATION SKILLS	超现实和模拟技能的应用
CHEM2003	GENERAL CHEMISTRY	普通化学
CHEM2023	PRINCIPLES OF CHEMISTRY	化学原理
CHEM2033	ANALYTICAL CHEMISTRY	分析化学
CHEM2043	PHYSICAL CHEMISTRY	物理化学
CHEM2053	CHEMISTRY LABORATORY	化学实验室
CHEM2063	ORGANIC CHEMISTRY	有机化学
CHEM3003	PRINCIPLES OF BIOCHEMISTRY AND PHYSIOLOGY	生物化学与生理学原理
CHEM3013	CHEMICAL ANALYSIS	化学分析
CHI1053	UNIVERSITY CHINESE (MORALITY AND FOUNDATIONS OF LAW)	大学语文（道德与法治）
CHI1063	CHINESE CULTURE AND MODERN CHINA	中国文化与近代中国
CHI1073	CONTEMPORARY CHINESE SOCIETY AND THOUGHT I	当代中国社会思潮一
CHI1083	CONTEMPORARY CHINESE SOCIETY AND	当代中国社会思
CHI1093	CONTEMPORARY WORLD AND CHINA	当代世界与中国
CHI1103	INTRODUCTION TO MODERN SOCIAL THEORIES	现代社会理论导论
CHI1183	CONTEMPORARY CHINESE SOCIETY AND	当代中国社会思
CHI1193	CONTEMPORARY WORLD AND CHINA	当代世界与中国
CHI1203	MORALITY AND FOUNDATIONS OF LAW	道德与法治
CHI1253	CONTEMPORARY CHINESE SOCIETY AND THOUGHT II	当代中国社会思潮二
COMM1023	FUNDAMENTALS OF COMMUNICATION	传播学基础
COMM2003	COMMUNICATION THEORY	传播理论
COMM2023	MASS MEDIA WRITING	大众媒介写作
COMM2033	PERSUASION AND SOCIAL INFLUENCE	说服与社会影响
COMM2043	INTRODUCTION TO VISUAL COMMUNICATION	视觉传播导论
COMM3003	COMMUNICATION RESEARCH	传播学研究
COMM3013	INTRODUCTION TO FASHION COMMUNICATION	时尚传播导论
COMP1003	COMPUTER ORGANISATION	计算机组成
COMP1013	STRUCTURED PROGRAMMING	结构化程序设计
COMP1023	FOUNDATIONS OF C PROGRAMMING	C程序设计基础
COMP1033	SYSTEMS AND WEB DEVELOPMENT WORKSHOP	系统与网页开发工作坊
COMP2003	DATA STRUCTURES AND ALGORITHMS	数据结构与算法
COMP2013	OBJECT-ORIENTED PROGRAMMING	面向对象程序设计
COMP2023	SOFTWARE DEVELOPMENT WORKSHOP I	软件开发工作坊一
COMP2073	DATA PROGRAMMING WORKSHOP	数据编程工作坊
COMP3003	DATA COMMUNICATIONS AND NETWORKING	数据通信与网络
COMP3013	DATABASE MANAGEMENT SYSTEMS	数据库管理系统
COMP3023	DESIGN AND ANALYSIS OF ALGORITHMS	算法设计与分析
COMP3033	OPERATING SYSTEMS	操作系统
COMP3043	SOFTWARE DEVELOPMENT WORKSHOP II	软件开发工作坊二
COMP3053	SOFTWARE DEVELOPMENT WORKSHOP III	软件开发工作坊三
COMP3063	SOFTWARE ENGINEERING	软件工程
COMP3073	INTRODUCTION TO ROBOTICS	机器人学导论
COMP3083	NUMERICAL COMPUTATION	数值计算
COMP3103	DESIGN PATTERNS	设计模式
COMP3123	SOFTWARE TESTING	软件测试
COMP3143	DATA STRUCTURE (FOR FM STUDENTS)	数据结构（面向FM学生）
COMP3153	C++ PROGRAMMING LANGUAGE	C++程序设计语言
COMP3163	MOBILE APPLICATION DEVELOPMENT	移动应用开发
COMP3173	COMPILER CONSTRUCTION	编译器构造
COMP3183	FINANCIAL COMPUTING	金融计算
COMP3193	CLOUD COMPUTING	云计算
COMP3203	INTRODUCTION TO MACHINE LEARNING	机器学习导论
COMP3213	INTERNET OF THINGS	物联网
COMP3223	MOBILE COMPUTING	移动计算
COMP3233	VIDEO GAME PROGRAMMING	视频游戏编程
COMP3253	ADVANCED SOFTWARE DEVELOPMENT WORKSHOP	高级软件开发工作坊
COMP3263	INTELLIGENT INTERNET OF THINGS	智能物联网
COMP3273	5G NETWORKS AND MOBILE COMPUTING	5G网络与移动计算
COMP3283	DATA STRUCTURE	数据结构
COMP4003	THEORY OF COMPUTATION	计算理论
COMP4004	FINAL YEAR PROJECT I (COMP)	毕业设计一（COMP）
COMP4005	FINAL YEAR PROJECT II (COMP)	毕业设计二（COMP）
COMP4023	COMPUTER AND NETWORK SECURITY	计算机与网络安全
COMP4033	COMPUTER GRAPHICS	计算机图形学
COMP4043	DATA MINING AND KNOWLEDGE DISCOVERY	数据挖掘与知识发现
COMP4053	DATABASE SYSTEM IMPLEMENTATION	数据库系统实现
COMP4063	DIGITAL MEDIA COMPUTING	数字媒体计算
COMP4073	DISTRIBUTED COMPUTING SYSTEMS	分布式计算系统
COMP4083	"E-TECHNOLOGY ARCHITECTURES, TOOLS AND APPLICATIONS"	电子技术体系结构、工具与应用
COMP4093	INTERNET AND THE WORLD WIDE WEB	因特网与万维网
COMP4103	ARTIFICIAL INTELLIGENCE AND MACHINE LEARNING	人工智能与机器学习
COMP4113	COMPUTER VISION AND PATTERN RECOGNITION	计算机视觉与模式识别
COMP4123	INFORMATION RETRIEVAL AND SEARCH ENGINE	信息检索与搜索引擎
COMP4133	SYSTEM ANALYSIS AND DESIGN	系统分析与设计
COMP4143	INTRODUCTION TO WEB INTELLIGENCE	Web智能导论
COMP4153	QUANTUM FINANCE AND INTELLIGENT FINANCIAL TRADING SYSTEMS	量子金融与智能金融交易系统
COMP4163	NEURAL NETWORKS AND DEEP LEARNING	神经网络与深度学习
COMP4173	DIGITAL IMAGE PROCESSING	数字图像处理
COMP4183	GAME ENGINE DESIGN	游戏引擎设计
COMP4193	MULTIPLAYER GAMES AND ACCESSORIES	多人游戏与配件
COMP4203	LINEAR SYSTEMS	线性系统
CTV1003	INTRODUCTION TO ELECTRONIC MEDIA	电子媒体导论
CTV1013	INTRODUCTION TO MEDIA AESTHETICS	媒体美学导论
CTV1023	FILM HISTORY	电影史
CTV2003	AESTHETICS OF FILM	电影美学
CTV2013	PRINCIPLES OF PHOTO IMAGING	摄影图像原理
CTV2023	SCRIPTWRITING	编剧
CTV2033	COMMUNICATION RESEARCH METHODS	传播学研究方法
CTV2053	VIDEO CINEMATOGRAPHY	视频摄影
CTV2063	FILM AND TELEVISION DIRECTING	电影电视导演
CTV2073	INTRODUCTION TO COMMUNICATION THEORY	传播理论导论
CTV2083	FUNDAMENTALS OF ACTING	表演基础
CTV2093	VISUAL MEDIA AND CHINESE SOCIETY	视觉媒体与中国社会
CTV3003	SOUND RECORDING AND MIXING	录音与混音
CTV3013	DOCUMENTARY FILM PRODUCTION	纪录片制作
CTV3023	FILM AND VIDEO EDITING	电影与视频剪辑
CTV3033	ART DIRECTION AND PRODUCTION DESIGN	艺术指导与制作设计
CTV3043	CINEMA AND TELEVISION INTERNSHIP	电影电视实习
CTV3053	ADVANCED FILM SOUND AND MUSIC RECORDING AND MIXING	高级电影音效与音乐录音与混音
CTV3113	MOTION IMAGING COLOUR GRADING	动态影像调色
CTV3123	EXPERIMENTAL FILM	实验电影
CTV4013	PRODUCTION AND MEDIA MANAGEMENT	制作与媒体管理
CTV4023	HISTORY AND AESTHETICS OF THE CHINESE CINEMA	中国电影史与美学
CTV4033	ON-LINE INTERACTIVE VIDEO	在线互动视频
CTV4043	FILM MUSIC AND SOUND	电影音乐与音效
CTV4053	DIGITAL ANIMATION	数字动画
CTV4063	STUDIES IN HOLLYWOOD CINEMA	好莱坞电影研究
CTV4073	SPECIAL TOPICS IN FILM AND TELEVISION STUDIES	电影电视研究专题
CTV4083	HONG KONG AND TAIWANESE CINEMA	香港与台湾电影
CTV4103	ADVANCED SCRIPTWRITING	高级编剧
CTV4113	"STUDIES IN ASIAN CINEMA: INDIA, KOREA, JAPAN"	亚洲电影研究：印度、韩国、日本
CTV4123	STUDIES IN EUROPEAN CINEMA	欧洲电影研究
CTV4133	TELEVISION STUDIO PRODUCTION	电视演播室制作
CTV4143	SPECIAL TOPICS IN FILM AND TELEVISION SUBJECTS	电影电视专题
CTV4153	FINAL YEAR PROJECT (CTV)	毕业设计（CTV）
CTV4163	DIGITAL SPECIAL EFFECTS WORKSHOP	数字特效工作坊
CTV4173	MULTIPLE MEDIA NARRATIVE WRITING	多媒体叙事写作
CTV4183	ADVANCED DIRECTING	高级导演
CTV4193	ELECTRONIC MEDIA MANAGEMENT	电子媒体管理
CTV4203	MEDIA PROGRAMMING AND PLANNING	媒体节目编排与策划
CTV4213	VISUAL MEDIA STUDIES	视觉媒体研究
CTV4223	FILM RESEARCH METHODS	电影研究方法
DHSS2003	TRANSCULTURAL EXCHANGE IN THE HUMANITIES AND SOCIAL SCIENCES	人文社会科学跨文化交流
DMM2003	DIGITAL DESIGN THINKING	数字设计思维
DMM2013	DIGITAL MEDIA TECHNOLOGIES	数字媒体技术
DMM2023	MEDIA AND CULTURE	媒体与文化
DMM3003	"AI, DATA SCIENCE AND MANAGEMENT"	人工智能、数据科学与管理
DMM3013	DATA-DRIVEN MEDIA MANAGEMENT	数据驱动媒体管理
DMM3023	DIGITAL STORYTELLING	数字故事讲述
DMM3033	MEDIA PSYCHOLOGY	媒体心理学
DMM3043	PROJECT I: MEDIA TECHNOLOGIES	项目一：媒体技术
DMM3053	PROJECT II: DIGITAL BUSINESS MODELS	项目二：数字商业模式
DMM3063	PROJECT III: TREND AND FUTURE RESEARCH	项目三：趋势与未来研究
DMM3073	SOCIAL MEDIA MANAGEMENT	社交媒体管理
DMM4003	DIGITAL MEDIA MANAGEMENT INTERNSHIP	数字媒体管理实习
DMM4013	DIGITAL TRANSFORMATION	数字转型
DMM4023	LOW CODING AND DATA SCIENCE	低代码与数据科学
DMM4033	MANAGEMENT AND CONTROL	管理与控制
DS1013	PYTHON PROGRAMMING FOR BEGINNERS	Python编程入门
DS1023	ADVANCED MATHEMATICS FOR DATA SCIENCE	数据科学高级数学
DS2003	FUNDAMENTALS OF DATABASE SYSTEMS	数据库系统基础
DS2013	DATA PROCESSING WORKSHOP I	数据处理工作坊一
DS2033	LINUX SYSTEM MANAGEMENT AND PROGRAMMING	Linux系统管理与编程
DS2043	DATA PROCESSING WORKSHOP I	数据处理工作坊一
DS3003	DATA PROCESSING WORKSHOP II	数据处理工作坊二
DS3013	DATA PROCESSING WORKSHOP III	数据处理工作坊三
DS3023	DIGITAL LOGIC DESIGN	数字逻辑设计
DS3033	TECHNICAL COMMUNICATION	技术交流
DS3043	DATA PROCESSING WORKSHOP II	数据处理工作坊二
DS3053	REQUIREMENTS ENGINEERING FOR DATA SCIENCE PROJECTS	数据科学项目的需求工程
DS4003	OPTIMISATION METHODS	优化方法
DS4004	FINAL YEAR PROJECT I (DS)	毕业设计一（DS）
DS4005	FINAL YEAR PROJECT II (DS)	毕业设计二（DS）
DS4013	DATA MINING (FOR DS STUDENTS)	数据挖掘（面向DS学生）
DS4023	MACHINE LEARNING	机器学习
DS4033	TEXT MINING AND ANALYTICS	文本挖掘与分析
DS4043	INTRODUCTION TO STATISTICAL COMPUTING	统计计算导论
DS4053	INTRODUCTION TO BIOINFORMATICS	生物信息学导论
DS4063	SOCIAL COMPUTING	社交计算
DS4073	INTRODUCTION TO DATA VISUALISATION	数据可视化导论
DS4083	BIG DATA ANALYTICS	大数据分析
DS4093	INTRODUCTION TO RECOMMENDER SYSTEM	推荐系统导论
DSS1013	BIG IDEAS IN SOCIAL SCIENCES	社会科学中的大创意
DSS1023	INVITATION TO DIGITAL SOCIAL SCIENCE	数字社会科学邀请函
DSS2003	EMPLOYMENT AND TAX POLICY FOR DIGITAL ECONOMY	数字经济就业与税收政策
DSS2013	SMART CITY	智慧城市
DSS2023	BEHAVIORAL SCIENCE AND THE DIGITAL WORLD	行为科学与数字世界
DSS2033	SOCIAL POLICY IN DIGITAL SOCIETY	数字社会中的社会政策
DSS3003	"CULTURE, DIVERSITY AND SOCIETY"	文化、多样性和社会
DSS3013	EDUCATION POLICY AND DIGITAL SOCIETY	教育政策与数字社会
DSS3023	NETWORK ANALYSIS FOR SOCIAL PLANNING	社会规划的网络分析
DSS3033	ETHICS AND LEGAL ISSUES IN DIGITAL SOCIETY	数字社会中的伦理与法律问题
DSS3043	DIGITAL EMERGENCY AND DISASTER RISK MANAGEMENT	数字应急与灾害风险管理
DSS3053	LEARNING ORGANIZATIONS	学习型组织
DSS3063	SOCIAL WELFARE INFORMATICS	社会福利信息学
DSS4023	FINAL YEAR PROJECT IN DIGITAL SOCIAL SCIENCE	数字社会科学专业毕业设计
DSS4033	DIGITAL SOCIAL SCIENCE INTERNSHIP	数字社会科学实习
DSS4043	DIGITAL DISEASE AND HEALTH SERVICE MANAGEMENT	数字疾病与健康服务管理
EBIS2003	INTRODUCTION TO BLOCKCHAIN	区块链导论
EBIS2013	FUNDAMENTALS OF DIGITAL ECONOMY AND FINTECH	数字经济与金融科技基础
EBIS2023	BUSINESS ANALYTICS	商业分析
EBIS3003	DATABASE MANAGEMENT	数据库管理
EBIS3013	BUSINESS SYSTEMS DESIGN AND ANALYSIS	商业系统设计与分析
EBIS3023	ELECTRONIC COMMERCE	电子商务
EBIS3033	PROGRAMMING FOR BUSINESS APPLICATIONS	商业应用编程
EBIS3043	"IT GOVERNANCE, AUDIT AND CONTROL"	IT治理、审计与控制
EBIS3063	TELECOMMUNICATIONS IN BUSINESS	商业中的电信
EBIS3073	DECISION SUPPORT AND BUSINESS INTELLIGENCE SYSTEMS	决策支持与商业智能系统
EBIS3083	E-CUSTOMER BEHAVIOURS AND WEB ANALYTICS	电子客户行为与网络分析
EBIS3093	DEVELOPING APPLICATIONS FOR MOBILE AND SOCIAL MEDIA	为移动和社交媒体开发应用程序
EBIS3103	INTRODUCTION TO BUSINESS DATA ANALYTICS	商业数据分析导论
EBIS4013	SEMINAR IN E-BUSINESS MANAGEMENT AND INFORMATION SYSTEMS	电子商务管理与信息系统研讨会
EBIS4043	BIG DATA ANALYSIS AND APPLICATIONS	大数据分析与应用
EBIS4063	INFORMATION SECURITY AND PRIVACY MANAGEMENT	信息安全与隐私管理
EBIS4073	E-BUSINESS MANAGEMENT AND INFORMATION SYSTEMS INTERNSHIP	电子商务管理与信息系统实习
ECON2003	PRINCIPLES OF MACROECONOMICS	宏观经济学原理
ECON2013	PRINCIPLES OF MICROECONOMICS	微观经济学原理
ECON2023	MATHEMATICAL ECONOMICS	经济数学
ECON2053	ECONOMICS	经济学
ECON2063	INTRODUCTION TO ECONOMICS	经济学导论
ECON2083	ECONOMIC HISTORY	经济史
ECON2093	ENTREPRENEURIAL ECONOMICS	企业家经济学
ECON2103	MICROECONOMICS	微观经济学
ECON2113	MACROECONOMICS	宏观经济学
ECON3003	INTERMEDIATE MACROECONOMICS	中级宏观经济学
ECON3013	APPLIED ECONOMETRICS	应用计量经济学
ECON3023	ASIA-PACIFIC ECONOMIES	亚太经济
ECON3043	MONEY AND BANKING	货币与银行
ECON3053	FOUNDATIONS OF CHINESE ECONOMY	中国经济基础
ECON3063	INTERMEDIATE MICROECONOMICS	中级微观经济学
ECON3073	GAMES AND ECONOMIC DECISIONS	博弈与经济决策
ECON3083	MATHEMATICAL ECONOMICS II	经济数学二
ECON3093	INTRODUCTION TO INTERNATIONAL ECONOMICS	国际经济学导论
ECON3113	LINEAR ALGEBRA FOR ECONOMICS AND FINANCE	经济学与金融的线性代数
ECON3123	CALCULUS FOR ECONOMICS AND FINANCE	经济学与金融的微积分
ECON3133	INTRODUCTORY ECONOMETRICS	计量经济学入门
ECON3143	POLITICAL ECONOMY	政治经济学
ECON3153	PROGRAMMING FOR ECONOMIC AND BUSINESS ANALYSIS	经济学与商业分析编程
ECON3163	SELECTED READING FROM DAS KAPITAL	资本论选读
ECON3173	CROSS SECTION AND PANEL DATA ANALYSIS	横截面与面板数据分析
ECON3183	TIME SERIES DATA ANALYSIS	时间序列数据分析
ECON4003	ECONOMIC AND BUSINESS FORECASTING	经济与商业预测
ECON4013	INDUSTRIAL ORGANISATION	产业组织
ECON4023	LABOUR ECONOMICS	劳动经济学
ECON4033	MONEY AND FINANCE IN CHINA	中国货币与金融
ECON4043	PUBLIC FINANCE	公共财政
ECON4053	DEVELOPMENT ECONOMICS	发展经济学
ECON4083	INTERNATIONAL TRADE	国际贸易
ECON4093	URBAN ECONOMICS	城市经济学
ECON4103	APPLIED ECONOMICS INTERNSHIP	应用经济学实习
ECON4113	ENVIRONMENTAL ECONOMICS	环境经济学
ECON4123	REAL ESTATE ECONOMICS AND FINANCE	房地产经济学与金融
ECON4133	MICROECONOMIC THEORY	微观经济学理论
ENG1003	INTRODUCTION TO THE STUDY OF LITERATURE	文学研究导论
ENG1013	INTRODUCTION TO THE STUDY OF LANGUAGE	语言学导论
ENG2043	SPEECH AND ORAL COMMUNICATIONS	演讲与口语交际
ENG2053	PROFESSIONAL AND TECHNICAL WRITING	专业与技术写作
ENG2063	CHILDRENS LITERATURE	儿童文学
ENG2083	DISCOURSE AND GRAMMAR	话语与语法
ENG2093	THE SHORT STORY	短篇小说
ENG2113	PRAGMATICS AND DISCOURSE ANALYSIS	语用学与话语分析
ENG2123	INTRODUCTION TO CORPUS LINGUISTICS	语料库语言学导论
ENG2143	NEW MEDIA LITERACIES	新媒体素养
ENG2153	CREATIVE WRITING FOR PUBLICATION	出版创意写作
ENG2163	BRITISH LITERATURE: THE EMPIRE AND THE CRISIS OF IDENTITY	英国文学：帝国与身份危机
ENG2173	AMERICAN LITERATURE: TRADITIONS OF DEMOCRACY AND DISSENT	美国文学：民主与异议传统
ENG2183	ENGLISH PHONETICS AND PHONOLOGY	英语语音和音系学
ENG2193	LEXIS AND MORPHOLOGY	词汇和形态学
ENG2203	INTRODUCTION TO WESTERN DRAMA	西方戏剧导论
ENG2213	INTRODUCTION TO FILM AND LITERATURE	电影与文学导论
ENG2223	ENGLISH THROUGH MEDIA	媒体中的英语
ENG3003	WORLD LITERATURE IN ENGLISH	英语世界文学
ENG3023	INTRODUCTION TO PSYCHOLINGUISTICS	心理语言学导论
ENG3033	ADVANCED ENGLISH COMPOSITION	高级英语写作
ENG3043	"RHETORIC, ARGUMENTATION, AND DEBATE"	修辞、辩论和争论
ENG3053	ENGLISH AS A WORLD LANGUAGE	英语作为世界语言
ENG3063	TRAVEL WRITING AND THE LANGUAGE OF TOURISM	旅游写作与旅游语言
ENG3073	LANGUAGE AND SOCIETY	语言与社会
ENG3083	LANGUAGE AND ETHNOGRAPHY	语言与民族志
ENG3093	READING POETRY	诗歌阅读
ENG3123	POSTHUMAN FUTURES: SCIENCE FICTION SINCE 1960	后人类未来：1960年以来的科幻小说
ENG3143	ANALYSING MULTIMODAL COMMUNICATION	分析多模态交流
ENG3153	ENGLISH THROUGH MEDIA	媒体中的英语
ENG3163	DRAMATIC WORDS: THEATRE AND PERFORMANCE	戏剧性语言：戏剧与表演
ENG3173	CONTEMPORARY LITERARY THEORY AND CRITICISM	当代文学理论与批评
ENG3183	CREATIVE WRITING FOR PERFORMANCE	表演创意写作
ENG3203	LANGUAGE AND INTERCULTURAL COMMUNICATION	语言与跨文化交际
ENG3213	LANGUAGE IN BUSINESS AND LEGAL COMMUNICATION	商业与法律交际中的语言
ENG3223	CROSS-CULTURAL STUDIES OF LITERATURE	文学的跨文化研究
ENG3233	NONFICTION NARRATIVE WRITING AND EDITING	非虚构叙事写作与编辑
ENG3243	RESEARCH WRITING	研究写作
ENG3253	ADVANCED READING AND WRITING	高级阅读与写作
ENG3303	CONTEMPORARY LITERARY THEORY	当代文学理论
ENG3313	LITERARY CRITICISM IN THE TWENTIETH CENTURY: PRACTICAL CRITICISM TO  DECONSTRUCTION	二十世纪的文学批评：实用批评到解构主义
ENG3353	"SHAKESPEARE: LITERATURE, PERFORMANCE AND ADAPTATION"	莎士比亚：文学、表演与改编
ENG3363	CLASSICAL MYTHOLOGY IN ENGLISH	英语古典神话
ENG3373	FEMINIST READINGS OF LITERATURE	文学的女性主义解读
ENG3383	THE ART OF READING FICTION	小说阅读的艺术
ENG3393	LITERATURE AND FILM	文学与电影
ENG4013	MAJOR AUTHOR STUDY	主要作家研究
ENG4023	MAJOR GENRE IN LITERATURE	文学中的主要体裁
ENG4053	CREATIVE WRITING	创意写作
ENG4063	OFF-CAMPUS INTERNSHIP EXPERIENCE	校外实习体验
ENG4103	FINAL YEAR PROJECT I (ELLS)	毕业设计一（ELLS）
ENG4123	EDITING AND PUBLISHING PRACTICUM I	编辑与出版实习一
ENG4133	RESEARCH SKILLS IN LITERARY STUDIES	文学研究中的研究技能
ENG4143	FINAL YEAR PROJECT II (ELLS)	毕业设计二（ELLS）
ENG4153	EDITING AND PUBLISHING PRACTICUM II	编辑与出版实习二
ENG4173	CURRENT ISSUES IN ENGLISH STUDIES	英语研究中的热点问题
ENG4183	RESEARCH SKILLS IN DIGITAL LITERACY AND INTERCULTURAL COMMUNICATION	数字素养与跨文化交际中的研究技能
ENG4193	FINAL YEAR PROJECT (ELLS)	毕业设计（ELLS）
ENG4203	"GLOBALISATION, MEDIA AND INTERCULTURAL COMMUNICATION"	全球化、媒体与跨文化交流
ENG4213	SPECIAL TOPIC IN LITERATURE	文学中的专题
ENG4223	INTERCULTURAL COMMUNICATION IN THE WORKPLACE	工作场所的跨文化交流
ENGI2003	MECHANICAL ENGINEERING AND PRACTICE	机械工程与实践
ENGI2013	ENGINEERING DRAWING AND AUTOCAD PRACTICE	工程制图与AUTOCAD实践
ENV1003	CLIMATE CHANGE	气候变化
ENV1013	INTRODUCTION TO ECO-CITIES	生态城市导论
ENV1023	INTRODUCTION TO PLANET EARTH SCIENCE	地球科学导论
ENV2003	INTRODUCTION TO ENVIRONMENTAL SCIENCE	环境科学导论
ENV3003	RESOURCES AND THE ENVIRONMENT	资源与环境
ENV3013	SUSTAINABLE ENVIRONMENTAL MANAGEMENT	可持续环境管理
ENV3023	ENVIRONMENTAL CHEMISTRY AND POLLUTION CONTROL	环境化学与污染控制
ENV3033	ENVIRONMENTAL ANALYSIS AND MONITORING	环境分析与监测
ENV3043	ENVIRONMENTAL STUDY LABORATORY	环境研究实验室
ENV3053	ENVIRONMENTAL NANOTECHNOLOGY	环境纳米技术
ENV3063	INTRODUCTION TO ENVIRONMENTAL GEOLOGY	环境地质学导论
ENV3073	INTRODUCTION TO GEOGRAPHIC INFORMATION SYSTEMS FOR  ENVIRONMENTAL MANAGEMENT	环境管理地理信息系统导论
ENV3083	FUNDAMENTALS OF BIOGEOCHEMISTRY	生物地球化学基础
ENV3093	TERRESTRIAL AND AQUATIC ENVIRONMENTS IN CHINA	中国陆地和水生环境
ENV3103	INTRODUCTION TO ENVIRONMENTAL ENGINEERING	环境工程导论
ENV3113	CHINAS ENVIRONMENTAL LAW AND INTERNATIONAL COOPERATION POLICY	中国环境法与国际合作政策
ENV3123	INTRODUCTION TO OCCUPATIONAL HEALTH AND SAFETY	职业健康与安全导论
ENV3153	RESEARCH METHODS FOR ENVIRONMENTAL SCIENCE AND STUDIES	环境科学与研究的研究方法
ENV3163	ATMOSPHERIC SCIENCE AND POLLUTION	大气科学与污染
ENV3173	HYDROLOGY AND WATER ENGINEERING	水文学与水利工程
ENV3183	PRACTICAL ENVIRONMENTAL ANALYSIS AND MONITORING	环境分析与监测实践
ENV3193	CARBON TECHNOLOGY AND RENEWABLE ENERGY	碳技术与可再生能源
ENV4003	GREEN BUSINESS MANAGEMENT	绿色商业管理
ENV4004	FINAL YEAR PROJECT I (ENV)	毕业设计一（ENV）
ENV4005	FINAL YEAR PROJECT II (ENV)	毕业设计二（ENV）
ENV4013	INTEGRATED SOLID WASTE MANAGEMENT	固体废物综合管理
ENV4023	ATMOSPHERIC SCIENCE AND POLLUTION	大气科学与污染
ENV4033	LAND CONTAMINATION AND REMEDIATION	土地污染与修复
ENV4043	SELECTED TOPICS IN ENVIRONMENTAL SCIENCE	环境科学选题
ENV4053	WATER SCIENCE AND ENGINEERING	水科学与工程
ENV4063	INTRODUCTION TO ISO GENERIC	ISO通用介绍
ENV4083	ADVANCED GEOGRAPHIC INFORMATION SYSTEMS FOR SUSTAINABLE ENVIRONMENT	可持续环境高级地理信息系统
ENV4073	INTERNSHIP IN ENVIRONMENTAL SCIENCE AND MANAGEMENT	环境科学与管理实习
EPIN3003	MANAGING NEW BUSINESS	管理新业务
EPIN3013	ENTREPRENEURIAL FINANCE	创业金融
EPIN3023	MARKETING FOR ENTREPRENEURS	面向创业者的营销
EPIN3033	ENTREPRENEURIAL DECISIONS AND COMPLIANCE	创业决策与合规
EPIN3043	NEW PRODUCT AND INNOVATION MANAGEMENT	新产品与创新管理
EPIN3053	LOGISTICS AND TRANSPORTATION MANAGEMENT	物流与运输管理
EPIN3063	DIGITAL INNOVATION AND TRANSFORMATION	数字创新与转型
EPIN4003	CORPORATE ENTREPRENEURSHIP	公司创业
EPIN4013	GLOBAL AND SOCIAL ENTREPRENEURSHIP	全球和社会创业
EPIN4023	ENTREPRENEURIAL INTERNSHIP	创业实习
EPIN4033	TECHNOLOGY AND INNOVATION STRATEGY	技术与创新战略
FIN2003	FINANCIAL MANAGEMENT	财务管理
FIN2013	FINANCIAL PLANNING AND INVESTMENT ANALYSIS	财务规划与投资分析
FIN2023	FINANCIAL MANAGEMENT	财务管理
FIN3003	BANKING AND CREDIT	银行与信贷
FIN3013	CORPORATE FINANCE	公司理财
FIN3023	FIXED INCOME SECURITIES	固定收益证券
FIN3033	INTRODUCTION TO FUTURES AND OPTIONS MARKETS	期货和期权市场导论
FIN3043	INVESTMENT MANAGEMENT	投资管理
FIN3053	MULTINATIONAL FINANCE	跨国金融
FIN3063	PRINCIPLES OF CORPORATE FINANCE	公司理财原理
FIN3073	FINANCIAL MATHEMATICS	金融数学
FIN3093	CORPORATE FINANCE	公司理财
FIN4003	MANAGEMENT OF FINANCIAL INSTITUTIONS	金融机构管理
FIN4013	FINANCIAL FORECASTING	财务预测
FIN4023	FINANCIAL RISK MANAGEMENT	金融风险管理
FIN4033	SEMINAR IN FINANCE	金融研讨会
FIN4043	BUSINESS VALUATION	企业估值
FIN4053	FINANCIAL MARKETS IN CHINA	中国金融市场
FIN4063	FINANCE INTERNSHIP	金融实习
FINM2003	THEORY OF FINANCE	金融理论
FINM2013	TIME SERIES FOR FINANCE AND MACROECONOMICS	金融与宏观经济学的时间序列
FINM2023	REGRESSION ANALYSIS (FOR FM STUDENTS)	回归分析（面向FM学生）
FINM2033	PYTHON FOR FINANCE	金融Python
FINM2043	FINANCIAL ENGINEERING	金融工程
FINM2063	INTRODUCTION TO FINANCE	金融学导论
FINM3003	FINANCIAL MATHEMATICS I (FOR FM STUDENTS)	金融数学一（面向FM学生）
FINM3013	INTRODUCTION TO FINANCIAL DERIVATIVES	金融衍生品导论
FINM3023	FIXED INCOME SECURITIES AND THEIR DERIVATIVES	固定收益证券及其衍生品
FINM3033	RISK MANAGEMENT IN FINANCE	金融风险管理
FINM3043	BEHAVIOURAL FINANCE	行为金融学
FINM3053	STATISTICS IN FINANCE	金融统计
FINM3063	INTERNATIONAL FINANCE	国际金融
FINM3073	CORPORATE VALUATION	公司估值
FINM3093	INVESTMENTS	投资
FINM3103	"MONEY, BANKING AND FINANCIAL MARKETS"	货币、银行与金融市场
FINM3113	FINANCIAL ENGINEERING WORKSHOP	金融工程工作坊
FINM3123	INTRODUCTION TO ECONOMETRICS	计量经济学导论
FINM3133	TIME SERIES FOR FINANCE AND MACROECONOMICS	金融与宏观经济学的时间序列
FINM3143	FINANCIAL MATHEMATICS	金融数学
FINM4003	FINANCIAL MATHEMATICS II (FOR FM STUDENTS)	金融数学二（面向FM学生）
FINM4004	FINAL YEAR PROJECT I (FM)	毕业设计一（FM）
FINM4005	FINAL YEAR PROJECT II (FM)	毕业设计二（FM）
FINM4013	DESIGN AND ANALYSIS OF FINANCIAL ALGORITHMS	金融算法的设计与分析
FINM4023	INVESTMENT BANKING	投资银行
FINM4033	FINANCIAL MODELLING	金融建模
FINM4043	EXOTIC OPTIONS AND STRUCTURED PRODUCTS	奇异期权与结构化产品
FINM4053	NUMERICAL AND SIMULATION TECHNIQUES IN FINANCE	金融数值与模拟技术
FINM4063	STOCHASTIC CALCULUS FOR FINANCE	金融随机微积分
FINM4073	ADVANCED FINANCIAL MATHEMATICS	高级金融数学
FOOD1033	INTRODUCTION TO FOOD SCIENCE	食品科学导论
FOOD2013	FOOD CHEMISTRY	食品化学
FOOD3003	FOOD ANALYSIS	食品分析
FOOD3013	NUTRITION	营养学
FOOD3023	FOOD TOXICOLOGY	食品毒理学
FOOD3033	CHEMICAL AND FOOD ANALYSIS LABORATORY	化学与食品分析实验室
FOOD3043	LIFE CYCLE NUTRITION	生命周期营养
FOOD3053	FOOD MATERIALS SCIENCE	食品材料科学
FOOD3063	FOOD PROCESS ENGINEERING	食品加工工程
FOOD3073	FOOD SCIENCE LABORATORY	食品科学实验室
FOOD3083	RESEARCH METHODS IN FOOD SCIENCE	食品科学研究方法
FOOD3093	COMMUNITY NUTRITION	社区营养学
FOOD4003	FOOD SAFETY AND QUALITY MANAGEMENT SYSTEM	食品安全与质量管理体系
FOOD4004	FINAL YEAR PROJECT I (FOOD)	毕业设计一（FOOD）
FOOD4005	FINAL YEAR PROJECT II (FOOD)	毕业设计二（FOOD）
FOOD4013	MEAT AND DAIRY SCIENCE	肉类与乳制品科学
FOOD4023	FUNCTIONAL FOODS	功能性食品
FOOD4033	GRAIN AND CEREAL SCIENCE	谷物与谷物科学
FOOD4043	FOOD BIOTECHNOLOGY	食品生物技术
FOOD4053	FOOD WASTE MANAGEMENT	食品废弃物管理
FOOD4073	FRUIT AND VEGETABLE SCIENCE	果蔬科学
FOOD4083	INTRODUCTION TO HUMAN PATHOPHYSIOLOGY AND  PHARMACOLOGY	人体病理生理学与药理学导论
FOOD4093	NUTRITION AND DISEASE PREVENTION	营养与疾病预防
FOOD4103	NUTRITION IN MEDICAL THERAPY	营养在医学治疗中的应用
FOOD4113	FOOD MICROBIOLOGY AND FOOD SAFETY LABORATORY	食品微生物学与食品安全实验室
FOOD4123	FOOD PACKAGING	食品包装
FOOD4133	WINE AND CHEESE SCIENCE	葡萄酒与奶酪科学
FOOD4143	NUTRITION IN PRACTICE	营养实践
FOOD4153	FOOD PRODUCT DEVELOPMENT AND PRACTICE	食品产品开发与实践
FREN1013	FRENCH I	法语一
FREN2023	FRENCH CULTURE	法国文化
GCAP3003	SERVICE LEARNING AND COMMUNITY ENGAGEMENT	服务学习与社区参与
GCAP3013	DIGITAL MEDIA LITERACY AND YOUTH EDUCATION	数字媒体素养与青年教育
GCAP3023	SERVICE LEARNING THROUGH SECOND LANGUAGE TEACHING	通过第二语言教学进行服务学习
GCAP3033	WRITING FOR THE COMMUNITY	为社区写作
GCAP3043	MAN AND NATURE IN WHOLE PERSON PERSPECTIVE	从整体人的角度看人与自然
GCAP3053	PHILANTHROPY DEVELOPMENT AND SOCIAL SERVICE	慈善发展与社会服务
GCAP3063	COMMUNICATION AND SOCIAL ENGAGEMENT	传播与社会参与
GCAP3073	COMMUNITY FESTIVALS: CULTURAL EVENTS AND MANAGEMENT	社区节日：文化活动与管理
GCAP3083	DIGITAL MEDIA AND MARKETING	数字媒体与营销
GCAP3093	THE ATTENTION ECONOMY: A NEW EXPERIENCE OF CULTURAL CAPITAL	注意经济：文化资本的新体验
GCAP3103	VISUAL ANTHROPOLOGY: DOCUMENTARIES AND ETHNOGRAPHIC  FILMS	视觉人类学：纪录片与民族志电影
GCAP3113	COMPREHENSIVE PRACTICAL TRAINING ON BIG DATA AND AI	大数据与人工智能综合实践训练
GCAP3123	COMPUTER TECHNOLOGY AND AI PROJECT	计算机技术与人工智能项目
GCAP3133	DIGITAL IMAGES IN DAILY LIFE	日常生活中的数字图像
GCAP3143	ECOLOGICAL CIVILIZATION IN GREATER BAY COMMUNITY	大湾区生态文明建设
GCAP3153	PROMOTING SOCIAL INCLUSION THROUGH INTERGENERATIONAL  PROGRAMMING	通过代际项目促进社会包容
GCAP3163	SCREENING GENDER	性别筛选
GCAP3173	SONGWRITING WITH ALGORITHMS	带有算法的歌曲创作
GCAP3183	INTERDISCIPLINARY MODELING PROJECTS	跨学科建模项目
GCAP3193	INVESTMENT PRACTICE	投资实践
GCAP3203	SELECTED TOPICS IN FOOD AND NUTRITIONAL SCIENCE	食品与营养科学选题
GCAP3213	SERVICE LEADERSHIP: PROMOTING A BETTER WORLD	服务领导力：促进更美好的世界
GCCH1003	UNIVERSITY CHINESE	大学语文
GCCH1013	CHINESE THOUGHT THROUGH THE AGES	历代中国思想
GCCH1023	SELECTED THEMES IN CHINESE HISTORY AND CIVILIZATION	中国历史与文明专题选读
GCCH1033	ELEMENTARY CHINESE I	基础汉语一
GCCH1043	ELEMENTARY CHINESE II	基础汉语二
GCCH2003	INTERMEDIATE CHINESE I	中级汉语一
GCCH2013	INTERMEDIATE CHINESE II	中级汉语二
GCCH3003	ADVANCED CHINESE I	高级汉语一
GCCH3013	ADVANCED CHINESE II	高级汉语二
GCIT1003	IT FOR SUCCESS OF EVERYDAY LIFE AND WORK	IT成就美好生活与工作
GCIT1013	FOUNDATIONS OF C PROGRAMMING	C程序设计基础
GCIT1023	PYTHON PROGRAMMING FOR BEGINNERS	Python编程入门
GCLA1903	ENGLISH I	英语一
GCLA1913	ENGLISH II	英语二
GCLA1923	ENGLISH III	英语三
GCLA1933	ENGLISH IV	英语四
GCNU1023	MATHEMATICS AROUND US	我们身边的数学
GCNU1043	INTRODUCTION TO PROBABILITY AND STATISTICS	概率论与数理统计导论
GCNU1053	STATISTICS FOR SOCIAL SCIENCE	社会科学统计学
GCNU1063	BUSINESS STATISTICS	商务统计学
GCS4003	CAPSTONE SEMINAR	毕业论文研讨会
GCVM1003	APPLIED ETHICS IN HUMANITIES AND SOCIAL SCIENCES	人文社会科学应用伦理
GCVM1013	APPLIED ETHICS IN SCIENCES AND TECHNOLOGY	科学技术应用伦理
GCVM1023	BUSINESS ETHICS	商业伦理
GCVM1033	APPLIED ETHICS IN CULTURE AND CREATIVITY	文化创意应用伦理
GDBM1003	BUSINESS AND SOCIETY	商学与社会
GDBM1013	INTRODUCTION TO ENTREPRENEURSHIP AND INNOVATION	创业与创新导论
GDFL1003	FRENCH I	法语一
GDFL1013	GERMAN I	德语一
GDFL1023	KOREAN I	韩语一
GDFL1033	SPANISH I	西班牙语一
GDFL1043	JAPANESE I	日语一
GDFL1053	RUSSIAN I	俄语一
GDHC1023	MODERN EUROPE	现代欧洲
GDHC1033	MODERN EUROPEAN THOUGHT AND CULTURE	现代欧洲思想与文化
GDHC1043	MODERNISM IN WESTERN CULTURE	西方文化中的现代主义
GDHC1053	THE AMERICAN RENAISSANCE: THE HISTORY AND LITERATURE OF AN ERA	美国文艺复兴：一个时代的历史与文学
GDHC1063	THE AMERICAN DREAM AND MODERN SENSIBILITY	美国梦与现代意识
GDHC1073	BUDDHISM ACROSS ASIA	亚洲的佛教
GDHC1083	WORLD RELIGIONS: ANCIENT TRADITIONS	世界宗教：古代传统
GDHC1093	WORLD RELIGIONS: EASTERN TRADITIONS	世界宗教：东方传统
GDHC1133	INDIAN CIVILIZATION AND SOCIETY	印度文明与社会
GDHC1143	"ENVIRONMENTAL HISTORY IN WORLD PERSPECTIVE, 1900-2000"	世界视角下的环境史，1900-2000年
GDHC1153	"HISTORY OF POPULAR CULTURE, 1900-2000"	流行文化史，1900-2000年
GDHC1173	EXPLORING MODERN WESTERN MUSIC: THE AMERICAN MUSICAL	探索现代西方音乐：美国音乐剧
GDHC1183	CONCEPTIONS OF NATURE FROM ARISTOTLE TO THE 20TH CENTURY	从亚里士多德到20世纪的自然观
GDHC1193	TRADITIONAL PHILOSOPHICAL PROBLEMS IN MODERN CINEMA	现代电影中的传统哲学问题
GDHC1203	LIFE AND THE SOUL: EXISTENTIALISM & THE PSYCHOLOGY OF WAR IN  TWENTIETH-CENTURY EUROPE	生命与灵魂：存在主义与20世纪欧洲的战争心理学
GDHC1213	THE BEGINNING OF WESTERN CIVILIZATION: A JOURNEY IN TIME	西方文明的开端：穿越时空的旅程
GDHC1223	AMERICAN HISTORY I: THE EMERGENCE OF MODERN AMERICA	美国史一：现代美国的兴起
GDHC1233	HISTORY OF THE MIDDLE EAST IN THE TWENTIETH CENTURY	20世纪中东史
GDHC1243	AMERICAN HISTORY II: AMERICAN CULTURE AND IDEAS	美国史二：美国文化与思想
GDHC1253	CHINA IN WESTERN PERSPECTIVES	西方视角下的中国
GDHC1263	HISTORY OF TRADITIONAL SOUTHEAST ASIA	东南亚传统史
GDHC1273	MIGRATION IN WORLD HISTORY	世界史中的移民
GDHC1283	WOMEN IN 20TH-CENTURY RUSSIAN HISTORY AND CULTURE	20世纪俄罗斯历史与文化中的女性
GDHC1293	EXPLORING CULTURE AND MUSIC IN ASIA	探索亚洲的文化与音乐
GDHS1003	"LANGUAGE, MEDIA AND CULTURE"	语言、媒体与文化
GDHS1013	GOVERNMENT AND SOCIETY	政府与社会
GDHS1023	"LANGUAGE, MEDIA AND TECHNOLOGY IN THE 21ST CENTURY"	21世纪的语言、媒体与技术
GDHS1033	"SOCIETY, ECONOMY AND ENVIRONMENT IN THE AGE OF GLOBALISATION"	全球化时代的社会、经济与环境
GDST1003	THE SCIENCE OF WELL BEING	幸福的科学
GDST1013	THE POWER OF SCIENCE AND TECHNOLOGY	科技的力量
GDST1043	INTRODUCTORY MATHEMATICAL MODELS IN BUSINESS	商业中的数学模型导论
GDST1053	INTRODUCTION TO MATHEMATICAL LOGIC	数理逻辑导论
GDST1063	"STAY ACTIVE, EAT SMART"	保持活跃，饮食健康
GDST1073	FOOD APPRECIATION	食物鉴赏
GDST1083	WEB PUBLISHING: THE SCIENCE BEHIND THE CONTENT ON THE WEB	网络出版：网络内容背后的科学
GDST1093	HOW TO BUILD A GREEN CITY? CHALLENGES AND SOLUTIONS	如何建设绿色城市？挑战与解决方案
GDST1103	LIFESTYLE AND HEALTH	生活方式与健康
GERM1023	GERMAN I	德语一
GERM2013	GERMAN CULTURE	德国文化
GFHC1003	WORLD RELIGIONS: EASTERN TRADITIONS	世界宗教：东方传统
GFHC1013	WORLD RELIGIONS: WESTERN TRADITIONS	世界宗教：西方传统
GFHC1023	TRADITIONAL EAST ASIA	东亚传统
GFHC1033	SOUTH ASIAN CIVILIZATION	南亚文明
GFHC1043	HISTORY OF SOUTHEAST ASIA	东南亚史
GFHC1053	MIDDLE EASTERN CIVILIZATIONS	中东文明
GFHC1063	MODERN WESTERN THOUGHT AND CULTURE	现代西方思想与文化
GFHC1073	EXPLORING PHILOSOPHY	探索哲学
GFHC1083	SOCIOLOGY AND MODERN SOCIETY	社会学与现代社会
GFHC1093	"GENDER, FAMILY AND MARRIAGE"	性别、家庭与婚姻
GFHC1103	HISTORY OF CONTEMPORARY ECONOMIC THOUGHT IN AN INTERDISCIPLINARY  PERSPECTIVE	当代经济思想史的跨学科视角
GFQR1003	A JOURNEY WITH DATA	数据之旅
GFHC1113	CHINA AND EARLY CIVILIZATIONS	中国与早期文明
GFHC1123	EXAMINING WORLD LITERATURE	考察世界文学
GFHC1133	GREAT DISCOVERIES IN WORLD ARCHAEOLOGY	世界考古学重大发现
GFHC1143	THE ANCIENT WORLD TILL 1500	1500年前的古代世界
GFHC1153	SILK ROADS	丝绸之路
GFHC1163	AMERICAN CIVILIZATIONS	美洲文明
GFHC1173	GREAT CITIES	大城市
GFHC1183	"KEY PHILOSOPHICAL MOTIFS IN ARTS: LOVE, DEATH, AND SUFFERING"	艺术中的关键哲学主题：爱、死亡与苦难
GFQR1013	HANDS ON DATA ANALYTICS FOR EVERYONE	面向所有人的数据分析实践
GFQR1023	DATA ANALYTICS FOR BUSINESS	商业数据分析
GFQR1033	STATISTICS IN OUR DAILY LIFE	我们日常生活中的统计学
GFVM1003	BUSINESS ETHICS AND CORPORATE SOCIAL RESPONSIBILITY	商业伦理与企业社会责任
GFVM1013	APPLIED ETHICS IN CULTURE AND CREATIVITY	文化创意应用伦理
GFVM1023	APPLIED ETHICS: AN INTERDISCIPLINARY EXPLORATION	应用伦理：跨学科探索
GFVM1033	ETHICS IN AN ERA OF ARTIFICIAL INTELLIGENCE AND ROBOTICS	人工智能与机器人时代伦理
GFVM1043	ETHICS IN DAILY LIFE AND LIFE SCIENCES	日常生活与生命科学伦理
GH2003	PRINCIPLES OF GLOBAL HEALTH	全球健康原理
GH2013	LIFESTYLE IN HEALTH AND DISEASE	健康与疾病中的生活方式
GH2023	ENVIRONMENTAL AND OCCUPATIONAL HEALTH SCIENCES	环境与职业健康科学
GH3003	GLOBALIZATION AND HEALTH	全球化与健康
GH4003	"HEALTH SYSTEM, POLICY AND MANAGEMENT"	卫生系统、政策与管理
GLD1003	INTRODUCTION TO GLOBAL STUDIES	全球研究导论
GLD2003	THE GLOBAL ECONOMY	全球经济
GLD2013	INTERNATIONAL COOPERATION AND WORLD ORDER	国际合作与世界秩序
GLD2023	REGIONAL COOPERATION AND INTEGRATION: THE ASEAN	区域合作与一体化：东盟
GLD2033	GLOBAL POLITICAL ECONOMY	全球政治经济学
GLD2043	PRINCIPLES OF DEVELOPMENT ECONOMICS	发展经济学原理
GLD2053	"GLOBAL DIGITAL TRANSFORMATION: AI, IOT AND BLOCKCHAIN"	全球数字转型：人工智能、物联网与区块链
GLD3003	PUBLIC-PRIVATE PARTNERSHIPS FOR DEVELOPMENT	发展中的公私合作
GLD3013	REGIONAL COOPERATION AND INTEGRATION: THE EU	区域合作与一体化：欧盟
GLD3023	"GLOBALISATION: TRENDS, ISSUES AND OPPORTUNITIES"	全球化：趋势、问题与机遇
GLD3033	DEVELOPMENT IN POST-COLONIAL BRITISH COMMONWEALTH	后殖民英国联邦的发展
GLD3043	DEVELOPMENT IN EASTERN EUROPE AND CENTRAL ASIA	东欧与中亚的发展
GLD3053	ASIA IN THE AGE OF GLOBALISATION	全球化时代的亚洲
GLD3063	DATA ANALYSIS FOR SOCIAL SCIENCES	社会科学数据分析
GLD3073	PRINCIPLES OF NEGOTIATION	谈判原理
GLD3083	CHINAS GLOBAL PARTNERSHIPS FOR SHARED PROSPERITY	中国全球伙伴关系与共同繁荣
GLD3093	RURAL ECONOMIC DEVELOPMENT AND TRANSFORMATION IN GLOBALISING CHINA	全球化中国农村经济发展与转型
GLD3103	PROJECT MANAGEMENT IN INTERNATIONAL DEVELOPMENT	国际发展中的项目管理
GLD3113	INTERNATIONAL DEVELOPMENT THEORY AND PRACTICE	国际发展理论与实践
GLD3123	PUBLIC ADMINISTRATION FOR THE DIGITAL SOCIETY	数字社会公共行政
GLD3133	PUBLIC FISCAL ADMINISTRATION	公共财政行政
GLD3143	SUSTAINABLE CITIES	可持续城市
GLD3153	TRANSNATIONAL MIGRATION AND DEVELOPMENT	跨国移民与发展
GLD3163	INTERNSHIP (GAD)	实习（GAD）
GLD3173	SUSTAINABILITY FRAMEWORKS: FROM SDGS TO ESG	可持续发展框架：从SDGs到ESG
GLD4003	FINAL YEAR PROJECT (GAD)	毕业设计（GAD）
GLD4013	GLOBAL SOUTH IN TRANSITION	转型中的全球南方
GLD4023	TOPICS IN GLOBALISATION AND DEVELOPMENT	全球化与发展专题
GLD4033	FINAL YEAR PROJECT (GAD)	毕业设计（GAD）
GTCU2003	COMMERCIAL PHOTOGRAPHY	商业摄影
GTCU2013	CREATIVE MEDIA AND STRATEGY	创意媒体与策略
GTCU2023	"CULTURE AND ART - IMAGES, OBJECTS, THEMES"	文化与艺术——图像、对象、主题
GTCU2033	POPULAR MUSIC GENRE	流行音乐类型
GTCU2043	CORPORATE SUSTAINABILITY AND INDUSTRY INNOVATION	企业可持续发展与产业创新
GTCU2053	BRIDGING CULTURES: TRANSLATION AS COMMUNICATION	作为交流的翻译：文化沟通
GTCU2063	"LANGUAGE, MEDIA AND CULTURE"	语言、媒体与文化
GTCU2073	MEDIA AND HEALTH COMMUNICATION	媒体与健康传播
GTCU2083	MEDIA LITERACY IN THE DIGITAL AGE	数字时代媒体素养
GTCU2093	FOOD CULTURE AND INNOVATION	食品文化与创新
GTCU2113	"LOVE STORIES IN MUSIC, LITERATURE, AND THE VISUAL ARTS"	音乐、文学和视觉艺术中的爱情故事
GTSC2003	APPRECIATION OF APPLIED MATH	应用数学赏析
GTSC2013	DIGITAL ECONOMY AND SOCIETY	数字经济与社会
GTSC2023	CHEMISTRY IN DAILY LIFE	日常生活中的化学
GTSC2033	INTERPRETING THE WORLD BY READING FINANCE NEWS	通过阅读财经新闻解读世界
GTSC2043	POSITIVE PSYCHOLOGY AND INNOVATIVE TECHNOLOGIES IN EVERYDAY LIFE	积极心理学和日常生活中的创新技术
GTSC2053	TELLING A STORY WITH DATA	用数据讲述故事
GTSC2073	ARTIFICIAL INTELLIGENCE IN DAILY LIFE	日常生活中的人工智能
GTSC2083	DEMYSTIFYING DATA SCIENCE	揭开数据科学的神秘面纱
GTSC2093	IT FOR SUCCESS IN EVERYDAY LIFE AND WORK	IT成就美好生活与工作
GTSC2103	LIFESTYLE AND HEALTH	生活方式与健康
GTSC2113	NUTRITION AND EXERCISE	营养与运动
GTSU2003	GREEN SUPPLY CHAIN MANAGEMENT	绿色供应链管理
GTSU2013	SOCIAL ENTREPRENEURSHIP	社会创业
GTSU2023	CARING SOCIETY: FROM CHARITY TO SOCIAL INNOVATION	关爱社会：从慈善到社会创新
GTSU2033	"SOCIETY, ECONOMY AND ENVIRONMENT IN THE AGE OF GLOBALISATION"	全球化时代的社会、经济与环境
GTSU2043	CLIMATE CHANGE AND SOCIETY: CURRENT STATUS AND A LOOK INTO THE  FUTURE	气候变化与社会：现状与展望
GTSU2053	FOOD SECURITY AND SUSTAINABILITY	粮食安全与可持续性
GTSU2063	HOW TO BUILD A GREEN CITY? CHALLENGES AND SOLUTIONS	如何建设绿色城市？挑战与解决方案
JAP1013	JAPANESE I	日语一
JAP2013	JAPANESE CULTURE	日本文化
JOUR2003	BROADCAST JOURNALISM I	广播新闻学一
JOUR2043	ENTERTAINMENT JOURNALISM	娱乐新闻学
JOUR3013	COPYEDITING	编辑
JOUR3023	MEDIA LAW AND ETHICS	媒体法律与伦理
JOUR3033	INTERNATIONAL NEWS	国际新闻
JOUR3043	ADVANCED REPORTING AND WRITING	高级报道与写作
JOUR3053	MASS MEDIA RESEARCH METHODS	大众媒体研究方法
JOUR3133	BROADCAST JOURNALISM III	广播新闻学三
JOUR3173	"GENDER, IDENTITY AND THE MEDIA"	性别、身份与媒体
JOUR3183	PERSUASION IN MEDIA	媒体中的说服
JOUR3203	JOURNALISM AND TRUTH	新闻与真相
JOUR3213	"NEW MEDIA, CULTURE AND SOCIETY"	新媒体、文化与社会
JOUR3223	THE LANGUAGE OF JOURNALISM	新闻语言
JOUR3233	INTERNATIONAL COMMUNICATION	国际传播
JOUR4053	BUSINESS AND FINANCIAL REPORTING	商业与金融报道
KOR1013	KOREAN I	韩语一
KOR2013	KOREAN CULTURE	韩国文化
MAD1003	STUDIO ART PRACTICES: DRAWING FUNDAMENTALS	工作室艺术实践：绘画基础
MAD2003	DESIGN FUNDAMENTALS	设计基础
MAD2013	ART MEDIA FUNDAMENTALS	艺术媒体基础
MAD2023	APPRECIATION OF THE ARTS	艺术欣赏
MAD2033	HISTORY OF MEDIA ARTS AND DESIGN	媒体艺术与设计史
MAD2043	CONCEPT DEVELOPMENT FOR TIME-BASED MEDIA	基于时间媒体的概念发展
MAD3003	PHOTOGRAPHY	摄影
MAD3013	INTERACTIVE ARTS AND DESIGN	互动艺术与设计
MAD3023	DIGITAL IMAGING AND DESIGN	数字图像与设计
MAD3033	3D DESIGN FUNDAMENTALS	三维设计基础
MAD3043	DIGITAL DRAWING AND PAINTING	数字绘画
MAD3053	"COLOUR CONCEPTS, THEORY AND PLANNING"	色彩概念、理论与规划
MAD3063	ANIMATION	动画
MAD3073	LANGUAGE FOR AUDIO-VISUAL DESIGN	视听设计语言
MAD3083	STUDIO ART PRACTICES: PAINTING FUNDAMENTALS	工作室艺术实践：绘画基础
MAD3093	WEB DESIGN AND HYPERMEDIA	网页设计与超媒体
MAD3103	COMPUTER GAME DESIGN	电脑游戏设计
MAD3113	VIDEO ARTS	视频艺术
MAD3123	GRAPHIC STORYTELLING	图形故事讲述
MAD3133	DIGITAL SOUND PRODUCTION	数字声音制作
MAD3143	MEDIA ARTS AND DESIGN INTERNSHIP	媒体艺术与设计实习
MAD3153	UX & UI DESIGN FOUNDATION	用户体验与用户界面设计基础
MAD4003	FINAL YEAR PROJECT (MAD)	毕业设计（MAD）
MAD4013	STUDIO ART PRACTICES: EXPERIMENTAL MEDIA	工作室艺术实践：实验媒体
MAD4023	COMPUTER PROGRAMMING FOR DESIGN	面向设计的计算机编程
MAD4033	NARRATIVE AND INTERACTIVITY IN MEDIA ARTS	媒体艺术中的叙事与互动
MAD4043	PRINCIPLES OF PRODUCT DESIGN	产品设计原理
MAD4053	DIGITAL IMAGE MANIPULATION	数字图像处理
MAD4063	VISUAL ARTS SINCE 1900	1900年以来的视觉艺术
MAD4073	SOCIAL DESIGN	社会设计
MAD4083	SPECIAL TOPICS IN MEDIA ARTS AND DESIGN SUBJECT	媒体艺术与设计学科的专题
MAD4093	PHYSICAL COMPUTING ADVANCED INTERACTIVE MEDIA	物理计算高级互动媒体
MAD4103	GAME ART AND 3D ANIMATION	游戏美术与三维动画
MAD4113	PRINCIPLES OF PRODUCT DESIGN AND EXHIBITION	产品设计与展览原理
MAD4123	FINAL YEAR PROJECT (MAD)	毕业设计（MAD）
MATH1003	LINEAR ALGEBRA	线性代数
MATH1053	LINEAR ALGEBRA I	线性代数一
MATH1063	LINEAR ALGEBRA II	线性代数二
MATH1073	CALCULUS I	微积分一
MATH1083	CALCULUS II	微积分二
MATH1123	CALCULUS FOR SCIENCE AND ENGINEERING	科学与工程微积分
MATH1153	APPLIED LINEAR ALGEBRA AND LINEAR DYNAMICS	应用线性代数与线性动力学
MATH1163	ADVANCED CALCULUS	高级微积分
MATH2003	DISCRETE STRUCTURES	离散结构
MATH2013	INTRODUCTION TO MATHEMATICAL FINANCE	数学金融学导论
MATH2023	ORDINARY AND PARTIAL DIFFERENTIAL EQUATIONS	常微分方程与偏微分方程
MATH2033	MATHEMATICAL STATISTICS	数理统计
MATH2043	ORDINARY DIFFERENTIAL EQUATIONS	常微分方程
MATH2053	MATHEMATICAL ANALYSIS	数学分析
MATH2063	PROBABILITY AND STATISTICS	概率论与数理统计
MATH3003	STOCHASTIC PROCESSES AND APPLICATIONS	随机过程及其应用
MATH3013	DISCRETE MATHEMATICS	离散数学
MATH3033	PARTIAL DIFFERENTIAL EQUATIONS	偏微分方程
MATH3043	REAL ANALYSIS (FOR MATH STUDENTS)	实分析（面向数学学生）
MATH3053	NUMERICAL METHODS I	数值方法一
MATH3063	MULTIVARIATE CALCULUS	多元微积分
MATH3073	MULTIVARIATE ANALYSIS (FOR MATH STUDENTS)	多元分析（面向数学学生）
MATH3083	MARKOV CHAIN AND QUEUING THEORY	马尔可夫链与排队论
MATH3093	SUPPLY CHAIN MODELLING	供应链建模
MATH3143	DIFFERENTIAL GEOMETRY	微分几何
MATH3153	ADVANCED PROBABILITY	高级概率论
MATH3163	REAL ANALYSIS	实分析
MATH3173	APPLIED STOCHASTIC PROCESS	应用随机过程
MATH3183	VECTOR CALCULUS AND COMPLEX ANALYSIS	向量微积分与复变函数
MATH4003	GRAPH THEORY	图论
MATH4023	DIFFERENTIAL EQUATION	微分方程
MATH4033	COMPUTATIONAL FINANCE	计算金融
MATH4043	ACTUARIAL MATHEMATICS	精算数学
MATH4053	NUMERICAL METHODS	数值方法
MATH4063	CASE STUDIES IN MATHEMATICAL MODELLING	数学建模案例研究
MATH4083	NUMERICAL ANALYSIS	数值分析
MATH4093	COMPLEX ANALYSIS	复分析
MATH4103	MATHEMATICAL MODELLING	数学建模
MATH4113	SELECTED TOPICS IN APPLIED ANALYSIS	应用分析选题
MATH4123	FINAL YEAR PROJECT I (MATH)	毕业设计一（MATH）
MATH4143	FUNCTIONAL ANALYSIS	泛函分析
MATH4153	NUMERICAL METHODS FOR DIFFERENTIAL EQUATIONS	微分方程数值方法
MATH4163	FINAL YEAR PROJECT II (MATH)	毕业设计二（MATH）
MCOM1003	INTRODUCTION TO MEDIA STUDIES	媒体研究导论
MCOM1013	"NEW MEDIA, CULTURE AND SOCIETY"	新媒体、文化与社会
MCOM2003	INTRODUCTION TO MEDIA STUDIES	媒体研究导论
MCOM2013	COMMUNICATION THEORIES I	传播理论一
MCOM2023	COMMUNICATION THEORIES II	传播理论二
MCOM2033	FOUNDATIONS OF NEWS AND FEATURE REPORTING	新闻与特写报道基础
MCOM2043	DOCUMENTARY FILM CLASSICS	纪录片经典
MCOM2053	REPORTING LABORATORY (1)	报道实验室（1）
MCOM2063	FOUNDATION OF PHOTOJOURNALISM	摄影新闻学基础
MCOM2073	HISTORY OF EAST ASIAN MEDIA AND CULTURE	东亚媒体与文化史
MCOM2083	MULTIMEDIA PRODUCTION I	多媒体制作一
MCOM2093	POPULAR CULTURE AND JOURNALISM	流行文化与新闻学
MCOM2103	ENTERTAINMENT JOURNALISM	娱乐新闻学
MCOM2113	INTERNATIONAL ORGANIZATIONS REPORTING	国际组织报道
MCOM3003	MEDIA IN CHINA	中国媒体
MCOM3013	RHETORIC OF COMMUNICATION AND MEDIA	传播与媒体的修辞
MCOM3023	REPORTING LABORATORY (2)	报道实验室（2）
MCOM3033	INTERNSHIP (MCOM)	实习（MCOM）
MCOM3043	"CULTURE, MEDIA AND TOURISM"	文化、媒体与旅游
MCOM3053	SEMINAR IN CULTURAL THEORIES AND GLOBALISATION	文化理论与全球化研讨会
MCOM3063	SOCIAL MEDIA ANALYTICS	社交媒体分析
MCOM3073	"RISK, CRISIS, AND COMMUNICATION"	风险、危机与传播
MCOM3093	MEDIA RESEARCH METHODS	媒体研究方法
MCOM3103	MULTIMEDIA PRODUCTION II	多媒体制作二
MCOM3113	MULTIMEDIA PRODUCTION III	多媒体制作三
MCOM3123	INTERNATIONAL COMMUNICATION	国际传播
MCOM3133	MEDIA LAW AND ETHICS	媒体法律与伦理
MCOM3143	ADVANCED REPORTING AND WRITING	高级报道与写作
MCOM3163	STUDY ON INTERCULTURAL COMMUNICATION ISSUES	跨文化传播问题研究
MCOM3173	"GENDER, IDENTITY AND THE MEDIA"	性别、身份与媒体
MCOM3183	PERSUASION IN MEDIA	媒体中的说服
MCOM3193	JOURNALISM AND TRUTH	新闻与真相
MCOM3203	THE LANGUAGE OF JOURNALISM	新闻语言
MCOM3213	COPYEDITING	编辑
MCOM3223	INTERNATIONAL NEWS	国际新闻
MCOM3233	ADVANCED PHOTOJOURNALISM	高级摄影新闻学
MCOM3243	NEWS TRANSLATION	新闻翻译
MCOM3253	THEORY AND PRACTICE OF ONLINE VIDEO	在线视频的理论与实践
MCOM4003	ADVANCED TOPICS IN MEDIA STUDIES	媒体研究的先进课题
MCOM4013	CONVERGENT JOURNALISM	融合新闻学
MCOM4023	EDITING LABORATORY	编辑实验室
MCOM4033	FINAL YEAR PROJECT (MCOM)	毕业设计（MCOM）
MCOM4043	MEDIA AND LIBERALISM	媒体与自由主义
MCOM4053	ANALYSIS OF MEDIA CONTENT AND MEDIA FRAMES	媒体内容与媒体框架分析
MCOM4063	BUSINESS AND FINANCIAL REPORTING	商业与金融报道
MCOM4073	FINAL YEAR PROJECT (MCOM)	毕业设计（MCOM）
MCOM4083	ADVANCED AUDIO PRODUCTION	高级音频制作
MCOM4093	TECHNOCULTURE	技术文化
MHR3003	HUMAN RESOURCE MANAGEMENT	人力资源管理
MHR3013	HUMAN RESOURCE DEVELOPMENT	人力资源开发
MHR3023	RECRUITMENT AND SELECTION	招聘与甄选
MHR3033	PERFORMANCE MANAGEMENT AND REWARDS	绩效管理与奖励
MHR3043	LABOUR RELATIONS AND LAW	劳动关系与法律
MHR3063	GLOBAL HUMAN RESOURCE MANAGEMENT	全球人力资源管理
MHR3073	APPLIED SOCIAL PSYCHOLOGY IN ORGANISATIONS	组织中的应用社会心理学
MHR3083	PREDICTIVE HUMAN RESOURCE ANALYTICS	预测性人力资源分析
MHR4003	HUMAN RESOURCE STRATEGY AND PLANNING	人力资源战略与规划
MHR4013	HUMAN RESOURCE MANAGEMENT IN CHINA	中国人力资源管理
MKT2003	PRINCIPLES OF MARKETING MANAGEMENT	营销管理原理
MKT2013	SERVICE LEARNING AND COMMUNITY ENGAGEMENT	服务学习与社区参与
MKT2023	DIGITAL MARKETING STRATEGY	数字营销策略
MKT3003	CUSTOMER RELATIONSHIP MANAGEMENT	客户关系管理
MKT3013	GLOBAL MARKETING	全球营销
MKT3023	MARKETING RESEARCH	市场研究
MKT3033	CONSUMER BEHAVIOUR	消费者行为
MKT3043	BRAND MANAGEMENT	品牌管理
MKT3053	MARKETING INTERNSHIP	营销实习
MKT3063	RESPONSIBLE MARKETING	负责任的营销
MKT3073	MARKETING COMMUNICATIONS	营销传播
MKT3083	DIGITAL MARKETING ANALYTICS	数字营销分析
MKT3093	LUXURY AND FASHION DIGITAL MARKETING	奢侈品与时尚数字营销
MKT3103	DIGITAL CONTENT PRODUCTION AND MANAGEMENT	数字内容制作与管理
MKT4003	MARKETING STRATEGY	营销策略
MKT4013	SERVICES MARKETING	服务营销
MKT4023	MARKETING MANAGEMENT IN CHINA	中国营销管理
MKT4033	RETAIL MANAGEMENT	零售管理
MKT4043	SALES MANAGEMENT	销售管理
MKT4053	BUSINESS TO BUSINESS MARKETING	企业对企业营销
MT1003	MILITARY TRAINING	军事训练
MUS1043	MUSIC HISTORY: FILM MUSIC	音乐史：电影音乐
MUS1083	CHORAL STUDIES	合唱研究
MUS1093	MUSIC THEORY	音乐理论
MUS1103	ORCHESTRAL STUDIES	管弦乐团研究
MUS1113	INTRODUCTION TO WORLD MUSIC	世界音乐导论
MUS1123	CHAMBER MUSIC STUDIES	室内乐研究
MUS1153	THE ART AND CRAFT OF SONGWRITING	歌曲创作的艺术和技巧
MUS1163	MUSIC THEORY AND EAR TRAINING I	音乐理论与听觉训练一
MUS1173	PERFORMANCE SKILLS I	表演技巧一
MUS1193	MUSIC THEORY AND EAR TRAINING II	音乐理论与听觉训练二
MUS1203	PERFORMANCE SKILLS II	表演技巧二
MUS1223	MUSIC PERFORMANCE STUDIO I	音乐表演工作室一
MUS1243	MUSIC PERFORMANCE STUDIO II	音乐表演工作室二
MUS2003	COMPOSITIONAL TECHNIQUES	作曲技巧
MUS2013	HISTORY OF WESTERN CLASSICAL MUSIC	西方古典音乐史
MUS2023	HISTORY OF WESTERN CLASSICAL MUSIC	西方古典音乐史
MUS2033	AURAL TRAINING	听觉训练
MUS2043	MUSIC HARMONY AND ANALYSIS I	音乐和声与分析一
MUS2053	ADVANCED PERFORMANCE SKILLS I	高级表演技巧一
MUS2063	ADVANCED PERFORMANCE SKILLS II	高级表演技巧二
MUS2073	STUDIO RECORDING TECHNIQUES	录音棚录制技术
MUS2083	FROM CHARLIE CHAPLIN TO JOHN WILLIAMS. FILM MUSIC: HISTORY AND  THEORY	从卓别林到约翰·威廉姆斯。电影音乐：历史与理论
MUS2093	INSTRUMENT PEDAGOGY	乐器教学法
MUS2103	POPULAR MUSIC	流行音乐
MUS2113	ESSENTIALS OF SONG-WRITING	歌曲创作基础
MUS2123	MUSIC BUSINESS MANAGEMENT	音乐商业管理
MUS2133	MUSIC HARMONY AND ANALYSIS II	音乐和声与分析二
MUS2143	CHINESE MUSIC: HISTORY AND THEORY	中国音乐：历史与理论
MUS2153	PSYCHOLOGY OF MUSIC EDUCATION	音乐教育心理学
MUS2183	KEYBOARD PERFORMANCE STUDIES I	键盘演奏研究一
MUS2193	KEYBOARD PERFORMANCE STUDIES II	键盘演奏研究二
MUS2203	ENSEMBLE STUDIES	合奏研究
MUS2213	TECHNOLOGY OF MUSIC AND SOUND FOR SCREEN	屏幕音乐与声音技术
MUS2223	HISTORY OF WESTERN CLASSICAL MUSIC: THE AMERICAN MUSICAL	西方古典音乐史：美国音乐剧
MUS2233	VOCAL LITERATURE AND REPERTOIRE	声乐文献与曲目
MUS2253	MUSIC PERFORMANCE STUDIO III	音乐表演工作室三
MUS2263	MUSIC PERFORMANCE STUDIO IV	音乐表演工作室四
MUS2273	KEYBOARD SKILLS I	键盘技巧一
MUS2283	KEYBOARD SKILLS II	键盘技巧二
MUS3003	MUSIC SINCE 1945	1945年以来的音乐
MUS3013	CREATIVE MUSIC TECHNOLOGY	创意音乐技术
MUS3023	TONAL COUNTERPOINT	调性对位
MUS3033	FORM AND STYLE I	形式与风格一
MUS3043	FORM AND STYLE II	形式与风格二
MUS3053	HISTORY AND REPERTOIRE OF BAROQUE AND CLASSICAL MUSIC	巴洛克与古典音乐的历史与曲目
MUS3063	HISTORY AND REPERTOIRE OF ROMANTIC MUSIC	浪漫音乐的历史与曲目
MUS3073	ENSEMBLE A: I	合奏A：一
MUS3083	ENSEMBLE A: II	合奏A：二
MUS3093	ENSEMBLE B: I	合奏B：一
MUS3103	ENSEMBLE B: II	合奏B：二
MUS3113	PRINCIPAL STUDY I: PERFORMANCE	主修一：表演
MUS3123	PRINCIPAL STUDY II: PERFORMANCE	主修二：表演
MUS3133	JAZZ HARMONY	爵士和声
MUS3143	COMPOSING AND ARRANGING MUSIC FOR EDUCATION	为教育作曲和编曲
MUS3263	MUSIC PERFORMANCE STUDIO V	音乐表演工作室五
MUS3283	VOCAL PEDAGOGY	声乐教学法
MUS3303	MUSICAL THEATRE	音乐剧
MUS3313	MUSIC CAREER PLANNING SEMINAR	音乐职业规划研讨会
MUS3323	MUSICAL ARTS INTERNSHIP	音乐艺术实习
MUS4003	HISTORY AND REPERTOIRE FROM 1900 AND BEYOND	1900年及以后的历史与曲目
MUS4013	PRINCIPLES OF MUSIC EDUCATION	音乐教育原则
MUS4023	FINAL YEAR PROJECT (MUS)	毕业设计（MUS）
MUS4043	PRINCIPAL STUDY III: PERFORMANCE	主修三：表演
MUS4053	MUSIC IN THE MEDIEVAL AND RENAISSANCE PERIODS	中世纪和文艺复兴时期的音乐
MUS4063	JAZZ IMPROVISATION	爵士即兴演奏
MUS4073	CREATING MUSIC AND SOUND FOR NEW MEDIA	为新媒体创作音乐和声音
OR2003	DYNAMIC PROGRAMMING	动态规划
OR3003	LOGISTICS	物流学
OR3013	LINEAR PROGRAMMING AND INTEGER PROGRAMMING	线性规划与整数规划
OR3023	SIMULATION	模拟
OR4003	DYNAMIC PROGRAMMING INVENTORY CONTROL	动态规划库存控制
OR4013	ADVANCED TOPICS IN OPERATIONS RESEARCH	运筹学中的高级课题
OR4023	OPTIMIZATION	优化
OR4033	NETWORK AND TRANSPORTATION MODELS	网络与运输模型
PHYS2003	PRINCIPLES OF PHYSICS	物理学原理
POLS1003	FOUNDATIONS OF POLITICAL SCIENCE	政治学基础
POLS1013	FOUNDATIONS OF WORLD GEOGRAPHY	世界地理基础
POLS2033	INTRODUCTION TO RESEARCH METHODS	研究方法导论
POLS2073	COOPERATION AND PROGRESS IN THE GUANGDONG-HONG KONG-MACAU  GREATER BAY AREA	粤港澳大湾区合作与发展
POLS3003	PRINCIPLES OF INTERNATIONAL LAW	国际法原理
POLS3093	INTERNATIONAL ORGANISATIONS	国际组织
POLS3163	CONTEMPORARY EUROPE-ASIA INTERACTIONS	当代欧亚互动
POLS3203	INTRODUCTION TO SUSTAINABLE DEVELOPMENT	可持续发展导论
POLS3253	GLOBAL ROUTES OF TRADE AND INVESTMENT	全球贸易与投资路线
POLS3263	GLOBAL ENVIRONMENTAL GOVERNANCE	全球环境治理
POLS3273	"GROWTH, INNOVATION AND DEVELOPMENT: CASE STUDIES"	增长、创新与发展：案例研究
POLS3283	"SOCIETY, ENVIRONMENT AND DEVELOPMENT IN AFRICA"	非洲的社会、环境与发展
POLS3303	GOVERNANCE AND SOCIETY IN NORTHEAST ASIA	东北亚的治理与社会
POLS3313	GOVERNANCE AND SOCIETY IN NORTH AMERICA	北美的治理与社会
POLS3323	GOVERNANCE AND SOCIETY IN LATIN AMERICA	拉丁美洲的治理与社会
PRA2003	PRINCIPLES OF PUBLIC RELATIONS	公共关系原理
PRA2013	PRINCIPLES OF ADVERTISING	广告原理
PRA2033	COMPUTER VISUAL DESIGN	计算机视觉设计
PRA2043	PUBLICATION DESIGN	出版设计
PRA2053	CASES STUDIES IN PUBLIC RELATIONS AND ADVERTISING	公共关系与广告案例研究
PRA3003	CONSUMER BEHAVIOUR	消费者行为
PRA3013	PUBLIC RELATIONS WRITING	公共关系写作
PRA3023	ADVERTISING COPYWRITING	广告文案写作
PRA3033	RESEARCH IN PUBLIC RELATIONS AND ADVERTISING	公共关系与广告研究
PRA3043	GRAPHIC COMMUNICATION	图形传播
PRA3053	ADVANCED DESIGN AND VISUALISATION	高级设计与可视化
PRA3063	DIGITAL MEDIA AND STRATEGIC COMMUNICATION	数字媒体与战略传播
PRA3073	BRANDING IN ADVERTISING	广告中的品牌塑造
PRA3083	CRISIS MANAGEMENT AND RISK COMMUNICATION	危机管理与风险沟通
PRA3093	MEDIA AND EVENT PLANNING	媒体与活动策划
PRA3103	ADVERTISING PORTFOLIO DEVELOPMENT	广告作品集开发
PRA3113	PHOTOGRAPHY AND VIDEOGRAPHY IN ADVERTISING	广告中的摄影和录像
PRA4003	ADVERTISING AND SOCIETY	广告与社会
PRA4013	SPECIAL TOPICS IN PUBLIC RELATIONS AND ADVERTISING	公共关系与广告专题
PRA4023	FINAL YEAR PROJECT (PRA)	毕业设计（PRA）
PRA4033	INTEGRATED MARKETING COMMUNICATION	整合营销传播
PRA4043	ADVERTISING REGULATION AND ETHICS	广告法规与伦理
PRA4053	PUBLIC RELATIONS AND ADVERTISING INTERNSHIP	公共关系与广告实习
PRA4063	PUBLIC RELATIONS AND ADVERTISING STRATEGIC CAMPAIGNS	公共关系与广告战略活动
PRA4073	BIG DATA AND ADVERTISING	大数据与广告
PRA4083	HUMAN COMPUTER INTERACTION	人机交互
PRA4093	FINAL YEAR PROJECT (PRA)	毕业设计（PRA）
PRA4663	PUBLIC RELATIONS AND ADVERTISING	公共关系与广告
PSY2003	BIOLOGICAL PSYCHOLOGY	生物心理学
PSY2013	RESEARCH METHODS IN PSYCHOLOGY	心理学研究方法
PSY2023	SOCIAL PSYCHOLOGY	社会心理学
PSY2033	DEVELOPMENTAL PSYCHOLOGY	发展心理学
PSY2043	INTRODUCTION TO PSYCHOLOGY	心理学导论
PSY2053	EDUCATIONAL PSYCHOLOGY AND CLASSROOM PRACTICE	教育心理学与课堂实践
PSY3003	THEORIES OF HUMAN PERSONALITY	人格理论
PSY3013	THEORIES OF LEARNING	学习理论
PSY3023	ABNORMAL PSYCHOLOGY	变态心理学
PSY3033	FORENSIC PSYCHOLOGY	法医心理学
PSY3043	CONSUMER PSYCHOLOGY	消费者心理学
PSY3053	EDUCATIONAL PSYCHOLOGY	教育心理学
PSY3063	PSYCHOLOGY OF CULTURAL DIVERSITY	文化多样性心理学
PSY3073	EXPERIMENTAL PSYCHOLOGY	实验心理学
PSY3103	POSITIVE PSYCHOLOGY	积极心理学
PSY3113	NEUROPSYCHOLOGY OF LANGUAGE	语言神经心理学
PSY3123	FORENSIC PSYCHOLOGY	法医心理学
PSY3133	HISTORY AND SYSTEMS IN PSYCHOLOGY	心理学中的历史与体系
PSY3143	THE PSYCHOLOGY OF DECISION-MAKING	决策心理学
PSY3183	PSYCHOLOGICAL ASSESSMENT AND TESTING	心理评估与测验
PSY4003	HUMAN COGNITIVE PSYCHOLOGY	人类认知心理学
PSY4004	FINAL YEAR PROJECT I (PSY)	毕业设计一（PSY）
PSY4005	FINAL YEAR PROJECT II (PSY)	毕业设计二（PSY）
PSY4013	COUNSELLING PSYCHOLOGY	咨询心理学
PSY4023	INTERPERSONAL AND GROUP DYNAMICS	人际关系与群体动力学
PSY4033	SPECIAL TOPIC IN PSYCHOLOGY: HUMAN FACTORS AND ERGONOMICS	心理学专题：人类因素与人体工程学
PSY4043	INDUSTRIAL AND ORGANISATIONAL PSYCHOLOGY	工业与组织心理学
PSY4053	HEALTH PSYCHOLOGY	健康心理学
PSY4063	PSYCHOLOGY OF THE CHINESE PEOPLE	中国人的心理学
PSY4073	FOUNDATIONS OF HUMAN DEVELOPMENT AND EDUCATION	人类发展与教育基础
PSY4083	INTERPRETATION OF EDUCATIONAL RESEARCH	教育研究的解读
PSY4093	ECOLOGICAL PSYCHOLOGY	生态心理学
PSY4103	COGNITIVE NEUROSCIENCE	认知神经科学
PSY4113	NEUROIMAGING IN PSYCHOLOGY	心理学中的神经影像学
PSY4123	COUNSELLING PSYCHOLOGY	咨询心理学
PSY4133	INTERPERSONAL AND GROUP DYNAMICS	人际关系与群体动力学
SCIT1023	LABORATORY SAFETY	实验室安全
SPAN1013	SPANISH I	西班牙语一
SPAN2003	INTRODUCTION TO SPANISH CULTURES	西班牙文化导论
STAT1013	INTRODUCTION TO PROBABILITY AND STATISTICS	概率论与数理统计导论
STAT2003	ADVANCED STATISTICS	高级统计学
STAT2013	REGRESSION ANALYSIS	回归分析
STAT2023	ADVANCED PROBABILITY	高级概率论
STAT2043	STRUCTURE PROGRAMMING (FOR STAT STUDENTS)	结构程序设计（面向STAT学生）
STAT2063	PROBABILITY THEORY	概率论
STAT3003	SURVEY SAMPLING	抽样调查
STAT3013	LIFE CONTINGENCIES	人寿保险
STAT3023	QUALITY CONTROL  SIX SIGMA	质量控制六西格玛
STAT3033	BAYESIAN STATISTICS	贝叶斯统计
STAT3043	DATA ANALYSIS USING R	使用R进行数据分析
STAT3073	STATISTICAL COMPUTING	统计计算
STAT3083	APPLIED STATISTICS	应用统计学
STAT4003	EXPERIMENTAL DESIGN	实验设计
STAT4004	FINAL YEAR PROJECT I (STAT)	毕业设计一（STAT）
STAT4005	FINAL YEAR PROJECT II (STAT)	毕业设计二（STAT）
STAT4013	MULTIVARIATE ANALYSIS	多元分析
STAT4023	LOSS MODELS	损失模型
STAT4033	STRUCTURAL EQUATION MODELLING	结构方程模型
STAT4043	CATEGORICAL DATA ANALYSIS	分类数据分析
STAT4053	SURVIVAL ANALYSIS	生存分析
STAT4063	TIME SERIES ANALYSIS	时间序列分析
STAT4073	DATA MINING	数据挖掘
STAT4093	APPLIED STOCHASTIC PROCESS	应用随机过程
STAT4103	INTRODUCTION TO DEEP LEARNING WITH PYTHON	用Python进行深度学习导论
STAT4113	NONPARAMETRIC STATISTICS	非参数统计
SWSA1003	INTRODUCTION TO SOCIAL WELFARE	社会福利导论
SWSA1013	INTRODUCTION TO SOCIAL WORK	社会工作导论
SWSA2003	SOCIAL WORK SKILLS	社会工作技能
SWSA2013	SOCIAL WORK INTERVENTION AND PROCESSES	社会工作干预与过程
SWSA2023	HUMAN DEVELOPMENT	人类发展
SWSA2033	THEORY AND PRACTICE IN SOCIAL WORK	社会工作理论与实践
SWSA2043	SOCIAL PROBLEMS	社会问题
SWSA2053	SOCIOLOGY AND CHINESE SOCIETY	社会学与中国社会
SWSA2063	SOCIAL INNOVATION AND SOCIAL ENTERPRISES	社会创新与社会企业
SWSA3003	THEORY AND PRACTICE IN SOCIAL WORK	社会工作理论与实践
SWSA3013	SOCIAL WELFARE IN ASIA	亚洲的社会福利
SWSA3023	SOCIAL WORK AND LAW	社会工作与法律
SWSA3033	SOCIAL POLICY	社会政策
SWSA3043	SOCIAL WORK WITH OLDER PEOPLE	社会工作与老年人
SWSA3063	SOCIAL WELFARE IN CHINESE SOCIETIES	中国社会的社会福利
SWSA3073	HUMAN BEHAVIOUR AND SOCIAL ENVIRONMENT	人类行为与社会环境
SWSA3083	SOCIAL WORK RESEARCH	社会工作研究
SWSA3093	THEORY AND PRACTICE IN SOCIAL WORK	社会工作理论与实践
SWSA3103	FIELD PRACTICE I	实地实习一
SWSA3113	END-OF-LIFE CARE	临终关怀
SWSA3123	INTEGRATIVE SEMINAR I	综合研讨会一
SWSA3133	MIGRANT WORKERS IN CHINA	中国的农民工
SWSA3143	SOCIAL PLANNING AND DEVELOPMENT	社会规划与发展
SWSA4003	SOCIAL WORK WITH YOUTH	社会工作与青年
SWSA4013	SOCIAL SECURITY SYSTEMS IN ASIA	亚洲的社会保障制度
SWSA4023	OLD-AGE SECURITY IN AGING SOCIETIES	老龄化社会的老年保障
SWSA4033	HEALTH AND LONG-TERM CARE IN AGING SOCIETIES	老龄化社会中的健康与长期照护
SWSA4043	RESIDENTIAL CARE AND SERVICES	住宿护理与服务
SWSA4053	SOCIAL WORK WITH FAMILIES	社会工作与家庭
SWSA4063	TOPICS IN SOCIAL POLICY AND SOCIAL ADMINISTRATION	社会政策与社会行政专题
SWSA4073	REHABILITATION SERVICE AND SOCIAL WORK	康复服务与社会工作
SWSA4083	HUMAN SERVICE MANAGEMENT	人类服务管理
SWSA4093	FINAL YEAR PROJECT (SWSA)	毕业设计（SWSA）
SWSA4103	FIELD PRACTICE II	实地实习二
SWSA4113	DISASTERS AND SOCIAL WORK	灾难与社会工作
SWSA4123	DRUG ABUSE AND SOCIAL WORK	药物滥用与社会工作
SWSA4133	INTEGRATIVE SEMINAR II	综合研讨会二
SWSA4143	MENTAL HEALTH AND SOCIAL WORK	精神卫生与社会工作
SWSA4153	OCCUPATIONAL SOCIAL WORK	职业社会工作
SWSA4163	SOCIAL WORK IN HEALTH CARE	医疗保健中的社会工作
TAP1003	CLASSIC DRAMATIC LITERATURE	经典戏剧文学
TAP2003	SURVEY TO THEATRE AND PERFORMANCE	戏剧与表演调查
TAP2013	AESTHETICS OF THEATRE AND PERFORMANCE	戏剧与表演美学
TAP2023	"PERFORMANCE DESIGN: SET, LIGHT, SOUND"	表演设计：布景、灯光、音效
TAP2033	PERFORMANCE DESIGN: COSTUME AND PROPS	表演设计：服装与道具
TAP3003	ADVANCED ACTING TRAINING	高级表演训练
TAP3013	DIRECTING AND PRODUCING: ADVANCE THEATRE MAKING	导演和制作：高级戏剧制作
TAP3023	PLAYWRIGHTING AND DRAMATURGY	剧作与戏剧理论
TAP4003	POST-DRAMATIC THEATRE AND DIGITAL PERFORMANCE MAKING	后戏剧剧场和数字表演制作
TAP4013	COMPOSITION PRACTICUM AND FINAL PROJECTS	作曲实习和毕业设计
TEM2003	INTRODUCTION TO HOSPITALITY AND TOURISM	酒店与旅游业导论
TEM3003	LEISURE AND SOCIETY	休闲与社会
TEM3013	INTRODUCTION TO ENTERTAINMENT BUSINESS	娱乐业导论
TEM3023	CLUB MANAGEMENT	俱乐部管理
TEM3033	RESORT MANAGEMENT	度假村管理
TEM4013	SUSTAINABLE TOURISM	可持续旅游
THEM2003	THEME PARKS AND ATTRACTIONS MANAGEMENT	主题公园和景点管理
THEM2023	SPORTS MANAGEMENT	体育管理
THEM2033	FOOD AND BEVERAGE MANAGEMENT	餐饮管理
THEM2043	FUNDAMENTALS OF TOURISM AND HOSPITALITY STUDIES	旅游与酒店业研究的基础
THEM3003	INTERCULTURAL MANAGEMENT IN TOURISM AND HOSPITALITY	旅游与酒店业中的跨文化管理
THEM3013	BIG DATA ANALYTICS IN TOURISM AND HOSPITALITY	旅游与酒店业中的大数据分析
THEM3023	SMART TOURISM DEVELOPMENT	智慧旅游发展
THEM3033	HUMAN RESOURCES MANAGEMENT IN TOURISM AND HOSPITALITY	旅游与酒店业的人力资源管理
THEM3043	DIGITAL MARKETING IN TOURISM AND HOSPITALITY	旅游与酒店业的数字营销
THEM3053	"TOURISM, HOSPITALITY AND EVENT MANAGEMENT INTERNSHIP"	旅游、酒店和活动管理实习
THEM3063	CYBER SECURITY IN TOURISM AND HOSPITALITY	旅游与酒店业的网络安全
THEM3073	"MEETINGS, INCENTIVES, CONFERENCES AND EVENTS MANAGEMENT"	会议、奖励、会议和活动管理
THEM3083	INNOVATION IN DESIGN AND TECHNOLOGY	设计与技术的创新
THEM3093	FOOD AND BEVERAGE OUTLET DESIGN	餐饮店设计
THEM3103	HISTORY OF MODERN TOURISM	现代旅游史
THEM3113	TOURISM DEVELOPMENT PLANNING	旅游发展规划
THEM3123	GUEST EXPERIENCE MANAGEMENT AND STRATEGY	客人体验管理与战略
THEM3133	HOTEL OPERATIONS AND MANAGEMENT	酒店运营与管理
THEM3143	HOSPITALITY INDUSTRY FINANCIAL ANALYSIS	酒店业财务分析
THEM4003	STRATEGIC MANAGEMENT IN TOURISM AND HOSPITALITY	旅游与酒店业的战略管理
THEM4013	FINAL YEAR PROJECT (THEM)	毕业设计（THEM）
THEM4023	HOTEL INFORMATION SYSTEMS	酒店信息系统
THEM4033	"RESEARCH METHODS IN TOURISM, HOSPITALITY AND EVENT"	旅游、酒店和活动中的研究方法
THEM4043	DESIGN THINKING IN TOURISM AND HOSPITALITY	旅游与酒店业中的设计思维
TESL2003	FIRST AND SECOND LANGUAGE ACQUISITION	一、二语言习得
TESL2013	APPROACHES TO SECOND LANGUAGE TEACHING	第二语言教学方法
TESL3003	BILINGUALISM AND BILINGUAL EDUCATION	双语和双语教育
TESL3013	LANGUAGE AND EDUCATION	语言与教育
TESL3033	CURRICULUM DEVELOPMENT AND MATERIALS DESIGN	课程开发与教材设计
TESL3043	ASSESSMENT AND EVALUATION	评估
TESL3063	LANGUAGE TEACHING METHODOLOGY	语言教学方法
TESL3083	CLASSROOM COMMUNICATION FOR LANGUAGE TEACHERS	语言教师的课堂交流
TESL3093	ERROR ANALYSIS AND FEEDBACK ON STUDENT WRITING	学生写作中的错误分析与反馈
TESL4013	ENGLISH FOR SPECIFIC PURPOSES	特定目的英语
TESL4053	LANGUAGE-TEACHING PRACTICUM I	语言教学实习一
TESL4063	LANGUAGE-TEACHING PRACTICUM II	语言教学实习二
TESL4083	RESEARCH SKILLS IN LANGUAGE STUDIES AND TESOL	语言研究与TESOL的研究技能
TESL4093	LEARNING THROUGH DIGITAL NARRATIVES	通过数字叙事学习
TESL4103	MATERIALS EVALUATION AND PRODUCTION FOR LANGUAGE TEACHING	语言教学材料的评估与制作
TRA1003	PRINCIPLES AND METHODS OF TRANSLATION	翻译的原理与方法
TRA2003	GENERAL TRANSLATION I	一般翻译一
TRA2013	GENERAL TRANSLATION II	一般翻译二
TRA2023	CONTRASTIVE LANGUAGE STUDIES: ENGLISH AND CHINESE	对比语言学：英语和汉语
TRA2033	COMMUNICATION AND TRANSLATION	传播与翻译
TRA2043	READING CHINESE LITERATURE IN TRANSLATION	翻译中的中国文学阅读
TRA2053	TRANSLATION AS ADAPTATION	翻译作为改编
TRA3003	INTRODUCTORY INTERPRETING	导论性口译
TRA3013	ENGLISH FOR TRANSLATORS	翻译人员的英语
TRA3023	TRANSLATION INTERNSHIP I	翻译实习一
TRA3033	CULTURE AND TRANSLATION	文化与翻译
TRA3043	TRANSLATION IN WORKPLACE	工作场所的翻译
TRA3053	RESEARCH METHODS FOR TRANSLATION STUDIES	翻译研究的研究方法
TRA3063	MEDIA TRANSLATION	媒体翻译
TRA3073	DRAMA TRANSLATION	戏剧翻译
TRA3083	GENERAL INTERPRETING	一般口译
TRA3093	TRANSLATION OF SCIENTIFIC AND TECHNOLOGICAL TEXTS	科技文本翻译
TRA3103	TRANSLATION OF LEGAL AND GOVERNMENT DOCUMENT	法律和政府文件的翻译
TRA3113	COMMERCIAL TRANSLATION	商业翻译
TRA3123	COMPUTER-AIDED TRANSLATION	计算机辅助翻译
TRA3133	TRANSLATION INTERNSHIP	翻译实习
TRA4003	"APPRECIATION, CRITICISM AND EVALUATION"	欣赏、批评和评价
TRA4004	FINAL YEAR PROJECT I (ATS)	毕业设计一（ATS）
TRA4005	FINAL YEAR PROJECT II (ATS)	毕业设计二（ATS）
TRA4013	PROFESSIONAL INTERPRETING	专业口译
TRA4023	GENDER AND TRANSLATION	性别与翻译
TRA4033	TRANSLATION INTERNSHIP II	翻译实习二
TRA4043	LITERARY TRANSLATION	文学翻译
TRA4053	SPECIAL TOPICS IN TRANSLATION	翻译专题
TRA4063	SIMULTANEOUS INTERPRETING	同声传译
TRA4073	TRANSLATION THEORIES AND PHILOSOPHIES	翻译理论与哲学
TRA4083	ADVANCED ENGLISH FOR TRANSLATORS	翻译人员的高级英语
TRA4093	FINAL YEAR PROJECT (ATS)	毕业设计（ATS）
UCLC1003	UNIVERSITY CHINESE	大学语文
UCLC1013	ENGLISH FOR ACADEMIC PURPOSES I	学术英语一
UCLC1023	ENGLISH FOR ACADEMIC PURPOSES II	学术英语二
UCLC1033	ENGLISH FOR ACADEMIC PURPOSES III	学术英语三
WPEX1013	EMOTIONAL INTELLIGENCE	情绪智能
WPEX2013	EXPERIENTIAL ARTS	体验艺术
WPEX2023	VOLUNTARY SERVICE	志愿服务
WPEX2033	ENVIRONMENTAL AWARENESS	环保意识
